Unnamed: 0,SMILES,SARS,MERS
0,C=CC(=O)NC1=CC=CC(N(CC2=CC=CC(Cl)=C2)C(=O)CC2=CN=CC3=CC=CC=C23)=C1,5.2606316,5.320606
1,CNC(=O)CN1C[C@@]2(C(=O)N(C3=CN=CC4=CC=CC=C34)C[C@@H]2C)C2=C(C=CC(F)=C2)C1=O,6.042621,5.2716703
2,"CNC(=O)CN1C[C@]2(CCN(C3=CN=CC4=CC=C(OC[C@H](O)CN(C)C)C=C34)C2=O)C2=CC(Cl)=CC=C2C1=O |&1:7,&2:21|",5.5060997,5.059407
3,CNC(=O)CN1C[C@@]2(C(=O)N(C3=CN=CC4=CC=CC=C34)C[C@@H]2C)C2=CC=CC=C2C1=O,5.7655044,5.1448517
4,CNC(=O)CN1C[C@@]2(C(=O)N(C3=CN=CC4=CC=CC=C34)C[C@@H]2C)C2=CC(Cl)=CC=C2C1=O,6.3580527,5.284195
5,"CNC(=O)CN1C[C@]2(C(=O)N(C3=CN=CC4=CC=CC=C34)C[C@H]2CC2CC2)C2=CC(Cl)=CC=C2C1=O |o1:7,22|",6.635112,5.2422705
6,C[C@H]1CN(C2=CN=CC3=CC=CC=C23)C(=O)[C@@]12CN(CC(=O)NCC1=CC=NN1C)C(=O)C1=CC=C(Cl)C=C12,5.8555408,5.368682
7,C[C@H]1CN(C2=CN=CC3=CC=CC=C23)C(=O)[C@@]12CN(CC(=O)NCC1=NN(C)C=C1)C(=O)C1=CC=C(Cl)C=C12,6.781377,5.3890457
8,CO[C@@H](C)CN1C[C@H](C(=O)NC2=CN=CC3=CC=CC=C23)C2=CC(Cl)=CC=C2C1=O |o1:7|,6.5181847,5.09416
9,CN[C@H](C)CN1C[C@H](C(=O)NC2=CN=CC3=CC=CC=C23)C2=CC(Cl)=CC=C2C1=O |&1:7|,6.5181847,5.0523124
10,CN1C(=O)C2=CC=C(Cl)C=C2[C@]12CCCN(C1=CN=CC3=CC=CC=C13)C2=O |&1:11|,6.125652,5.008095
11,CCNC(=O)CN1C[C@@]2(C(=O)N(C3=CN=CC4=CC=CC=C34)C[C@@H]2C)C2=CC(Cl)=CC=C2C1=O,7.2176757,5.4924116
12,C[C@H]1CN(C2=CN=CC3=CC=CC=C23)C(=O)[C@@]12CN(CC(=O)NCC1CC1)C(=O)C1=CC=C(F)C=C12,6.455889,5.317238
13,C[C@H]1CN(C2=CN=CC3=CC=CC=C23)C(=O)[C@@]12CN(CC(=O)NCC1(F)CC1)C(=O)C1=CC=C(F)C=C12,7.156018,5.3535748
14,C[C@H]1CN(C2=CN=CC3=CC=CC=C23)C(=O)[C@@]12CN(CC(=O)NC1CCC1)C(=O)C1=CC=C(Cl)C=C12,5.78455,5.489856
15,CCNC(=O)CN1C[C@@]2(C(=O)N(C3=CN=CC4=CC=CC=C34)C[C@@H]2C)C2=CC(F)=CC=C2C1=O,6.902244,5.3856745
16,CNC(=O)CN1C[C@@]2(C(=O)N(C3=CN=CC4=CC=CC=C34)C[C@@H]2CN2C=CN=N2)C2=CC(F)=CC=C2C1=O,6.653148,5.1945477
17,CNC(=O)C1(N2C[C@@]3(C(=O)N(C4=CN=CC5=CC=CC=C45)C[C@@H]3C)C3=CC(F)=CC=C3C2=O)CC1,6.085179,4.9230795
18,CC1CCC2(CC1)CCN(C(=O)CC1=CN=CC3=CC=CC=C13)C2,4.744858,4.5703797
19,CNC(=O)CN1C[C@@]2(C(=O)N(C3=CN=CC4=CC=CC=C34)C[C@@H]2CS(C)(=O)=O)C2=CC(F)=CC=C2C1=O,6.31968,5.1945477
20,CNC(=O)CN1C[C@@]2(C(=O)N(C3=CN=CC4=CC=CC=C34)C[C@@H]2CC#N)C2=CC(Cl)=CC=C2C1=O,7.1286716,5.310707
21,C[C@H]1CN(C2=CN=CC3=CC=CC=C23)C(=O)[C@@]12CN(CCN1CCOCC1)C(=O)C1=CC=C(F)C=C12,7.4047213,5.5732174
22,C[C@H]1CN(C2=CN=CC3=CC=CC=C23)C(=O)[C@@]12CN(CC1=CNN=C1)C(=O)C1=CC=C(F)C=C12,6.65365,5.90456
23,C[C@H]1CN(C2=CN=CC3=CC=CC=C23)C(=O)[C@@]12CN(CCN1CCOCC1)C(=O)C1=CC=C(Cl)C=C12,8.3577795,5.951708
24,CNC(=O)[C@@H](C)N1C[C@@]2(C(=O)N(C3=CN=CC4=CC=CC=C34)C[C@@H]2C)C2=CC(F)=CC=C2C1=O,5.84428,4.988575
25,CO[C@@H](C)CN1C[C@@]2(C(=O)N(C3=CN=CC4=CC=CC=C34)C[C@@H]2C)C2=CC(Cl)=CC=C2C1=O,6.5421844,5.777872
26,CNC(=O)[C@@H](C)N1C[C@@]2(C(=O)N(C3=CN=CC4=CC=CC=C34)C[C@@H]2C)C2=CC(Cl)=CC=C2C1=O,6.1597114,5.2126884
27,CNCCN1C[C@@]2(C(=O)N(C3=CN=CC4=CC=CC=C34)C[C@@H]2C)C2=CC(Cl)=CC=C2C1=O,7.3859096,5.6973
28,CO[C@@H](C)CN1C[C@@]2(C(=O)N(C3=CN=CC4=CC=CC=C34)C[C@@H]2C)C2=CC(F)=CC=C2C1=O,5.9935613,5.5732174
29,C=CC(=O)N1CCCC2=C1C=CC=C2N(CC1=CC=CC(Cl)=C1)C(=O)CC1=CN=CC2=CC=CC=C12,4.979324,5.0983877
30,CNC(=O)CN1C[C@@]2(C(=O)N(C3=CN=CC4=CC=CC=C34)C[C@@H]2CNC2=CC=CC=C2)C2=CC(Cl)=CC=C2C1=O,6.635112,5.310707
31,CNC(=O)CN1C[C@@]2(C(=O)N(C3=CN=CC4=CC=CC=C34)C[C@@H]2CNC2=CN(C)N=C2)C2=CC(Cl)=CC=C2C1=O,6.978636,5.2226267
32,CNC(=O)CN1C[C@@]2(C(=O)N(C3=CN=CC4=CC=CC=C34)C[C@@H]2CC2=NNN=N2)C2=CC(Cl)=CC=C2C1=O,6.6643333,5.569541
33,C[C@H]1CN(C2=CN=CC3=CC=CC=C23)C(=O)[C@@]12CN(CC1=CNC=N1)C(=O)C1=CC=C(F)C=C12,6.332336,5.7737846
34,C[C@H]1CN(C2=CN=CC3=CC=CC=C23)C(=O)[C@@]12CN(CC1=CC=NN1)C(=O)C1=CC=C(F)C=C12,6.65365,5.7737846
35,C[C@H]1CN(C2=CN=CC3=CC=CC=C23)C(=O)[C@@]12CN(CC1=NC=CN1)C(=O)C1=CC=C(F)C=C12,6.332336,5.859026
36,CNC(=O)CN1C[C@@]2(C(=O)N(C3=CN=CC4=CC=CC=C34)C[C@@H]2CNC2=CC=NC=N2)C2=CC(Cl)=CC=C2C1=O,6.615716,5.4277925
37,CNC(=O)CN1C[C@@]2(C(=O)N(C3=CN=CC4=CC=CC=C34)C[C@@H]2CNC2=CN=CC=N2)C2=CC(Cl)=CC=C2C1=O,6.313798,5.4277925
38,CNC(=O)CN1C[C@@]2(C(=O)N(C3=CN=CC4=CC=CC=C34)C[C@@H]2CS(=O)(=O)N(C)C)C2=CC(Cl)=CC=C2C1=O,6.635112,5.310707
39,CNC(=O)CN1C[C@@]2(C(=O)N(C3=CN=CC4=CC=CC=C34)C[C@@H]2CS(=O)(=O)NC)C2=CC(F)=CC=C2C1=O,6.514045,5.0386257
40,C[C@H]1CN(C2=CN=CC3=CC=CC=C23)C(=O)[C@@]12CN(CC1=CC(O)=NC=N1)C(=O)C1=CC=C(F)C=C12,6.332336,5.4612246
41,C[C@H]1CN(C2=CN=CC3=CC=CC=C23)C(=O)[C@@]12CN(CC1=NNC=N1)C(=O)C1=CC=C(F)C=C12,6.332336,6.0134506
42,CN1C=CC(CN2C[C@]3(CCN(C4=CN=CC5=CC=CC=C45)C3=O)C3=CC(Cl)=CC=C3C2=O)=N1 |o1:8|,7.0407805,5.2927275
43,CN1C=CC(CN2C[C@]3(CCN(C4=CN=CC5=CC=CC=C45)C3=O)C3=CC(Cl)=CC=C3C2=O)=N1 |o1:8|,7.0407805,5.2927275
44,CN1C=NC(CN2C[C@]3(CCN(C4=CN=CC5=CC=CC=C45)C3=O)C3=CC(Cl)=CC=C3C2=O)=N1 |o1:8|,7.5038323,5.5598526
45,CN1C=NC(CN2C[C@]3(CCN(C4=CN=CC5=CC=CC=C45)C3=O)C3=CC(Cl)=CC=C3C2=O)=N1 |o1:8|,7.5038323,5.5598526
46,CN1N=NC(CN2C[C@]3(CCN(C4=CN=CC5=CC=CC=C45)C3=O)C3=CC(Cl)=CC=C3C2=O)=N1 |o1:8|,5.9526405,5.412199
47,CN1N=NC(CN2C[C@]3(CCN(C4=CN=CC5=CC=CC=C45)C3=O)C3=CC(Cl)=CC=C3C2=O)=N1 |o1:8|,5.9526405,5.412199
48,CN1N=NN=C1CN1C[C@]2(CCN(C3=CN=CC4=CC=CC=C34)C2=O)C2=CC(Cl)=CC=C2C1=O |o1:9|,6.927808,5.3541775
49,CN1N=NN=C1CN1C[C@]2(CCN(C3=CN=CC4=CC=CC=C34)C2=O)C2=CC(Cl)=CC=C2C1=O |o1:9|,6.927808,5.3541775
50,CCN1N=CC=C1CN1C[C@@]2(C(=O)N(C3=CN=CC4=CC=CC=C34)C[C@@H]2C)C2=CC(F)=CC=C2C1=O,6.6376767,5.570532
51,CNC(=O)CN1C[C@@]2(C(=O)N(C3=CN=CC4=CC=CC=C34)C[C@@H]2CN2C=CC=N2)C2=CC(Cl)=CC=C2C1=O,6.635112,5.310707
52,CNCCN1C[C@@]2(C(=O)N(C3=CN=CC4=CC=CC=C34)C[C@@H]2C)C2=CC(F)=CC=C2C1=O,6.8372865,5.586858
53,C[C@H]1CN(C2=CN=CC3=CC=CC=C23)C(=O)[C@@]12CN(CC1=CNN=N1)C(=O)C1=CC=C(F)C=C12,6.65365,5.717229
54,C[C@H]1CN(C2=CN=CC3=CC=CC=C23)C(=O)[C@@]12CN(CC1=CC=NN1C)C(=O)C1=CC=C(F)C=C12,5.7378697,5.4824514
55,C[C@H]1CN(C2=CN=CC3=CC=CC=C23)C(=O)[C@@]12CN(CC1=COC=N1)C(=O)C1=CC=C(F)C=C12,6.5267005,5.656699
56,CC1=CN=C(CN2C[C@@]3(C(=O)N(C4=CN=CC5=CC=CC=C45)C[C@@H]3C)C3=CC(F)=CC=C3C2=O)C=N1,6.332336,5.656699
57,"CNC(=O)CN1C[C@@]2(C(=O)N(C3=CN=CC4=CC=CC=C34)C[C@@H]2CNC2=CN=C(C)S2)C2=CC(Cl)=CC=C2C1=O |a:7,22|",6.313798,5.3782187
58,"CNC(=O)CN1C[C@@]2(C(=O)N(C3=CN=CC4=CC=CC=C34)C[C@@H]2CS(=O)(=O)NC)C2=CC(Cl)=CC=C2C1=O |a:7,22|",6.8294764,5.154785
59,"CNC(=O)CN1C[C@@]2(C(=O)N(C3=CN=CC4=CC=CC=C34)C[C@@H]2CN2N=CN=N2)C2=CC(Cl)=CC=C2C1=O |a:7,22|",6.509946,5.310707
60,"C[C@H]1CN(C2=CN=CC3=CC=CC=C23)C(=O)[C@@]12CN(CC#N)C(=O)C1=CC=C(F)C=C12 |a:1,16|",6.4625707,5.636894
61,"C[C@H]1CN(C2=CN=CC3=CC=CC=C23)C(=O)[C@@]12CN(CC1=NC=CN1C)C(=O)C1=CC=C(F)C=C12 |a:1,16|",6.550733,5.568618
62,"C[C@H]1CN(C2=CN=CC3=CC=CC=C23)C(=O)[C@@]12CN(CC1=NN=NN1C)C(=O)C1=CC=C(F)C=C12 |a:1,16|",6.550733,5.568618
63,"CC1=NOC(CN2C[C@@]3(C(=O)N(C4=CN=CC5=CC=CC=C45)C[C@@H]3C)C3=CC(F)=CC=C3C2=O)=C1 |a:8,23|",6.65365,5.656699
64,"CNC(=O)CN1C[C@@]2(C(=O)N(C3=CN=CC4=CC=CC=C34)C[C@@H]2CNC2=C(C)N=CS2)C2=CC(Cl)=CC=C2C1=O |a:7,22|",7.6429057,5.310707
65,"CNC(=O)CN1C[C@@]2(C(=O)N(C3=CN=CC4=CC=CC=C34)C[C@@H]2CNC2=CN=CS2)C2=CC(Cl)=CC=C2C1=O |a:7,22|",6.176478,5.310707
66,"C[C@H]1CN(C2=CN=CC3=CC=CC=C23)C(=O)[C@@]12CN(CCN1CCN(S(C)(=O)=O)CC1)C(=O)C1=CC=C(Cl)C=C12 |a:1,16|",7.365069,5.8662004
67,"O=C1C2=CC=C(Cl)C=C2[C@@]2(CN1CCN1CCOCC1)C(=O)N(C1=CN=CC3=CC=CC=C13)C[C@@H]2CNC1=NC=CC=N1 |a:9,34|",7.685716,5.8747177
68,"CNC(=O)CN1C[C@@]2(C(=O)N(C3=CN=CC4=CC=CC=C34)C[C@@H]2CNC2=CC=C(Cl)N=N2)C2=CC(Cl)=CC=C2C1=O |a:7,22|",6.635112,5.5087624
69,"C[C@H]1CN(C2=CN=CC3=CC=CC=C23)C(=O)[C@@]12CN(CC1=CC=NN=C1)C(=O)C1=CC=C(F)C=C12 |a:1,16|",6.987118,5.689556
70,"CC1=NC=C(CN2C[C@@]3(C(=O)N(C4=CN=CC5=CC=CC=C45)C[C@@H]3C)C3=CC(F)=CC=C3C2=O)O1 |a:8,23|",6.332336,5.6969585
71,"C[C@H]1CN(C2=CN=CC3=CC=CC=C23)C(=O)[C@@]12CN(CCN1CCCC1=O)C(=O)C1=CC=C(Cl)C=C12 |a:1,16|",7.427582,5.932081
72,"C[C@H]1CN(C2=CN=CC3=CC=CC=C23)C(=O)[C@@]12CN(CCN1CCS(=O)(=O)CC1)C(=O)C1=CC=C(Cl)C=C12 |a:1,16|",7.427582,5.8662004
73,"C[C@H]1CN(C2=CN=CC3=CC=CC=C23)C(=O)[C@@]12CN(CC1=NC=CO1)C(=O)C1=CC=C(F)C=C12 |a:1,16|",6.332336,5.656699
74,"CC1=NC(CN2C[C@@]3(C(=O)N(C4=CN=CC5=CC=CC=C45)C[C@@H]3C)C3=CC(F)=CC=C3C2=O)=CO1 |a:7,22|",6.65365,5.322341
75,"C[C@H]1CN(C2=CN=CC3=CC=CC=C23)C(=O)[C@@]12CN(CC1=NN(C)N=C1)C(=O)C1=CC=C(F)C=C12 |a:1,16|",6.2001977,5.511917
76,"C[C@H]1CN(C2=CN=CC3=CC=CC=C23)C(=O)[C@@]12CN(CC1=NN(C)N=N1)C(=O)C1=CC=C(F)C=C12 |a:1,16|",6.2001977,5.7902985
77,"CC1=NC(CN2C[C@@]3(C(=O)N(C4=CN=CC5=CC=CC=C45)C[C@@H]3C)C3=CC(F)=CC=C3C2=O)=NO1 |a:7,22|",7.697893,5.7984476
78,"C[C@H]1CN(C2=CN=CC3=CC=CC=C23)C(=O)[C@@]12CN(CC1=NOC=C1)C(=O)C1=CC=C(F)C=C12 |a:1,16|",6.65365,5.656699
79,"C[C@H]1CN(C2=CN=CC3=CC=CC=C23)C(=O)[C@@]12CN(CC1=NN(C)C=N1)C(=O)C1=CC=C(F)C=C12 |a:1,16|",7.1267576,5.8204584
80,"C[C@H]1CN(C2=CN=CC3=CC=CC=C23)C(=O)[C@@]12CN(CC1=NN(C)C=C1)C(=O)C1=CC=C(F)C=C12 |a:1,16|",6.663706,5.5533333
81,"C[C@H]1CN(C2=CN=CC3=CC=CC=C23)C(=O)[C@@]12CN(CC1=CN(C)N=C1)C(=O)C1=CC=C(F)C=C12 |a:1,16|",6.663706,5.5153084
82,"COC[C@H]1CN(C2=CN=CC3=CC=CC=C23)C(=O)[C@@]12CN(CC1=CC=NN1)C(=O)C1=CC=C(Cl)C=C12 |a:3,18|",7.1467543,6.170492
83,"C[C@H]1CN(C2=CN=CC3=CC=CC=C23)C(=O)[C@@]12CN(CC1=CC=NC=N1)C(=O)C1=CC=C(F)C=C12 |a:1,16|",6.332336,5.656699
84,"COC[C@H]1CN(C2=CN=CC3=CC=CC=C23)C(=O)[C@@]12CN(CC1=CNC=N1)C(=O)C1=CC=C(Cl)C=C12 |a:3,18|",6.8254404,6.170492
85,"COC[C@H]1CN(C2=CN=CC3=CC=CC=C23)C(=O)[C@@]12CN(CC1=NC=CN1)C(=O)C1=CC=C(Cl)C=C12 |a:3,18|",6.8254404,6.1144114
86,"CNC(=O)CN1C[C@@]2(C(=O)N(C3=CN=CC4=CC=CC=C34)C[C@@H]2CCl)C2=CC(Cl)=CC=C2C1=O |a:7,22|",6.635112,5.310707
87,"C[C@H]1CN(C2=CN=CC3=CC=CC=C23)C(=O)[C@@]12CN(CCN1CCC3(COC3)C1)C(=O)C1=CC=C(Cl)C=C12 |a:1,16|",7.704641,5.8597145
88,"CNC(=O)CN1C[C@@]2(C(=O)N(C3=CN=CC4=CC=CC=C34)C[C@@H]2CNC2=NC=NC=N2)C2=CC(Cl)=CC=C2C1=O |a:7,22|",6.532812,5.329629
89,"CNC(=O)CN1C[C@@]2(C(=O)N(C3=CN=CC4=CC=CC=C34)C[C@@H]2CNC2=NN=CS2)C2=CC(Cl)=CC=C2C1=O |a:7,22|",6.96858,5.310707
90,"C[C@@H]1COC[C@@H](C)N1CCN1C[C@@]2(C(=O)N(C3=CN=CC4=CC=CC=C34)C[C@@H]2C)C2=CC(Cl)=CC=C2C1=O |a:1,5,12,27|",7.427582,5.777872
91,"C[C@H]1CN(C2=CN=CC3=CC=CC=C23)C(=O)[C@@]12CN(CCN1CCOC(C)(C)C1)C(=O)C1=CC=C(Cl)C=C12 |a:1,16|",8.393517,5.8662004
92,"C[C@H]1COC[C@@H](C)N1CCN1C[C@@]2(C(=O)N(C3=CN=CC4=CC=CC=C34)C[C@@H]2C)C2=CC(Cl)=CC=C2C1=O |a:1,5,12,27|",7.427582,5.777872
93,"C[C@H]1CN(CCN2C[C@@]3(C(=O)N(C4=CN=CC5=CC=CC=C45)C[C@@H]3C)C3=CC(Cl)=CC=C3C2=O)CCO1 |a:1,8,23|",7.726003,5.819627
94,"CNC(=O)CN1C[C@@]2(C(=O)N(C3=CN=CC4=CC=CC=C34)C[C@@H]2COC2CCC2)C2=CC(Cl)=CC=C2C1=O |a:7,22|",6.998111,5.3081512
95,"C[C@@H]1CN(CCN2C[C@@]3(C(=O)N(C4=CN=CC5=CC=CC=C45)C[C@@H]3C)C3=CC(Cl)=CC=C3C2=O)[C@H](C)CO1 |a:1,8,23,34|",7.427582,5.81073
96,"C[C@H]1CN(CCN2C[C@@]3(C(=O)N(C4=CN=CC5=CC=CC=C45)C[C@@H]3C)C3=CC(Cl)=CC=C3C2=O)[C@@H](C)CO1 |a:1,8,23,34|",7.427582,5.81073
97,"C[C@H]1CN(C2=CN=CC3=CC=CC=C23)C(=O)[C@@]12CN(CCN1CC(F)(F)C1)C(=O)C1=CC=C(Cl)C=C12 |a:1,16|",7.832023,5.8633804
98,"C[C@H]1CN(CCN2C[C@@]3(C(=O)N(C4=CN=CC5=CC=CC=C45)C[C@@H]3C)C3=CC(Cl)=CC=C3C2=O)C[C@H](C)O1 |a:1,8,23,35|",7.6510844,5.777872
99,"C[C@H]1CN(C2=CN=CC3=CC=CC=C23)C(=O)[C@@]12CN(CCN1C[C@H]3CC[C@H](C1)O3)C(=O)C1=CC=C(Cl)C=C12 |a:1,16,&1:23,&2:26|",7.602226,5.7191763
100,"C[C@H]1CN(C2=CN=CC3=CC=CC=C23)C(=O)[C@@]12CN(CCN1C[C@@H]3COC[C@@H]3C1)C(=O)C1=CC=C(Cl)C=C12 |a:1,16,23,27|",7.6510844,5.777872
101,"C[C@H]1CN(C2=CN=CC3=CC=CC=C23)C(=O)[C@@]12CN(CCN1C[C@H]3C[C@@H]1CO3)C(=O)C1=CC=C(Cl)C=C12 |a:1,16,23,25|",7.427582,5.722163
102,"C[C@@H]1CN(CCN2C[C@@]3(C(=O)N(C4=CN=CC5=CC=CC=C45)C[C@@H]3C)C3=CC(Cl)=CC=C3C2=O)CCO1 |a:1,8,23|",7.726003,5.819627
103,"C[C@@H]1CN(CCN2C[C@@]3(C(=O)N(C4=CN=CC5=CC=CC=C45)C[C@@H]3C)C3=CC(Cl)=CC=C3C2=O)C[C@@H](C)O1 |a:1,8,23,35|",7.6510844,5.777872
104,"CNCCN1C[C@@]2(C(=O)N(C3=CN=CC4=CC=CC=C34)C[C@@H]2COCC2CC2)C2=CC(Cl)=CC=C2C1=O |a:6,21|",6.932654,5.6903343
105,"CNCCN1C[C@@]2(C(=O)N(C3=CN=CC4=CC=CC=C34)C[C@@H]2CS(=O)(=O)N(C)C)C2=CC(Cl)=CC=C2C1=O |a:6,21|",7.0351543,5.7040815
106,"C[C@H]1CN(C2=CN=CC3=CC=CC=C23)C(=O)[C@@]12CN(C1CCNCC1)C(=O)C1=CC=C(Cl)C=C12 |a:1,16|",6.7506523,5.82712
107,"O=C1C2=CC=C(Cl)C=C2[C@@]2(CN1CC1COC1)C(=O)N(C1=CN=CC3=CC=CC=C13)C[C@@H]2CNC1=CC=NC=N1 |a:9,31|",6.6343613,5.858508
108,"CC1=NN=C(CN2C[C@@]3(C(=O)N(C4=CN=CC5=CC=CC=C45)C[C@@H]3CNC3=CC=NC=N3)C3=CC(Cl)=CC=C3C2=O)O1 |a:8,23|",6.832122,6.210511
109,C=CC(=O)N1CCCC2=CC=C(N(CC3=CC=CC(Cl)=C3)C(=O)CC3=CN=CC4=CC=CC=C34)C=C21,5.8715816,5.159464
110,"CNC(=O)CN1C[C@@]2(C(=O)N(C3=CN=CC4=CC=CC=C34)C[C@@H]2N)C2=CC(Cl)=CC=C2C1=O |a:7,22|",6.6849065,5.2929363
111,"O=C1C2=CC=C(Cl)C=C2[C@@]2(CN1CC1=CC=NN=C1)C(=O)N(C1=CN=CC3=CC=CC=C13)C[C@@H]2CNC1=CC=NC=N1 |a:9,33|",7.16559,6.1123486
112,"CNC(=O)CN1C[C@@]2(C(=O)N(C3=CN=CC4=CC=CC=C34)C[C@@H]2COCC2CC2)C2=CC(Cl)=CC=C2C1=O |a:7,22|",6.237375,5.2422705
113,"C[C@H]1CN(C2=CN=CC3=CC=CC=C23)C(=O)[C@@]12CN(CCN1CCC1)C(=O)C1=CC=C(Cl)C=C12 |a:1,16|",7.427582,5.932081
114,"CNC(=O)CN1C[C@@]2(C(=O)N(C3=CN=CC4=CC=CC=C34)C[C@@H]2NC(C)C)C2=CC(Cl)=CC=C2C1=O |a:7,22|",6.3580527,5.2166834
115,"C[C@H]1CN(CCN2C[C@@]3(C(=O)N(C4=CN=CC5=CC=CC=C45)C[C@@H]3C)C3=CC(Cl)=CC=C3C2=O)C[C@@H](C)O1 |a:1,8,23,35|",7.6510844,5.777872
116,"CNC(=O)CN1C[C@@]2(C(=O)N(C3=CN=CC4=CC=CC=C34)C[C@@H]2NC)C2=CC(Cl)=CC=C2C1=O |a:7,22|",6.3580527,5.2166834
117,"CNC(=O)CN1C[C@@]2(C(=O)N(C3=CN=CC4=CC=CC=C34)C[C@@H]2NS(C)(=O)=O)C2=CC(Cl)=CC=C2C1=O |a:7,22|",5.829916,5.2166834
118,"CNC(=O)CN1C[C@@]2(C(=O)N(C3=CN=CC4=CC=CC=C34)C[C@@H]2NCC2CC2)C2=CC(Cl)=CC=C2C1=O |a:7,22|",6.3580527,5.148247
119,"COC(=O)N[C@H](C(=O)N1C[C@H](C(F)(F)F)C[C@H]1C(=O)N[C@H](C#N)C[C@@H]1CCNC1=O)C(C)(C)C |a:5,10,16,24,o1:20|",7.016527,4.5954304
120,"COC(=O)N[C@H](C(=O)N1C[C@H](C(F)(F)F)C[C@H]1C(=O)N[C@H](C#N)C[C@@H]1CCNC1=O)C(C)(C)C |a:5,10,16,24,o1:20|",7.016527,4.5954304
121,"O=C1C2=CC=C(Cl)C=C2[C@@]2(CN1CC1=NN=CO1)C(=O)N(C1=CN=CC3=CC=CC=C13)C[C@@H]2CNC1=NC=NC=N1 |a:9,32|",7.3779225,5.969017
122,"CCO[C@H]1CN(C2=CN=CC3=CC=CC=C23)C(=O)[C@@]12CN(CC(=O)NC)C(=O)C1=CC=C(Cl)C=C12 |&1:3,18|",6.8044076,5.148247
123,"O=C1C2=CC=C(Cl)C=C2[C@@]2(CN1CC1=CC=NN=C1)C(=O)N(C1=CN=CC3=CC=CC=C13)C[C@@H]2CNC1=NN=CS1 |a:9,33|",7.480222,5.995263
124,"CNC(=O)CN1C[C@]2(C(=O)N(C3=CN=CC4=CC=CC=C34)C[C@H]2OCC2CC2)C2=CC(Cl)=CC=C2C1=O |&1:7,22|",6.3580527,5.148247
125,"COC(=O)N[C@H](C(=O)N1C[C@H](C(F)(F)F)C[C@H]1C(=O)N[C@H](C#N)C[C@@H]1CCNC1=O)C(C)(C)C |a:5,10,16,20,24|",7.016527,4.5954304
126,"CNC(=O)CN1C[C@@]2(C(=O)N(C3=CN=CC4=CC=CC=C34)C[C@@H]2NC(C)=O)C2=CC(Cl)=CC=C2C1=O |a:7,22|",6.8765335,5.2166834
127,"CCS(=O)(=O)N[C@H]1CN(C2=CN=CC3=CC=CC=C23)C(=O)[C@@]12CN(CC(=O)NC)C(=O)C1=CC=C(Cl)C=C12 |a:6,21|",6.276271,5.2166834
128,CC1=NN=C(SC2=CC(C3=CC=CC=C3)=NC3=NC=NN23)N1C,4.473395,4.69218
129,CC1=NC2=NC=NN2C(SC2=NN=C(C3=CC=C(Cl)C=C3)N2C)=C1,6.588196,4.846346
130,"O=C1C2=CC=C(Cl)C=C2[C@@]2(CN1CC1CNC1)C(=O)N(C1=CN=CC3=CC=CC=C13)C[C@@H]2CNC1=NC=CS1 |a:9,31|",7.300128,5.858508
131,COC1=CC=C(N(CC2=CC=CC(Cl)=C2)C(=O)CC2=CC=CN=C2)C=C1,5.158047,4.8939314
132,C[C@H]1COCCN(C(=O)CC2=CN=CC3=CC=CC=C23)C1 |&1:1|,5.322756,5.074649
133,C[C@H]1CCCN1C(=O)CC1=CN=CC2=CC=CC=C12 |&1:1|,4.538567,4.761406
134,O=C(CC1=CN=CC2=CC=CC=C12)N1CCOCC1,4.538567,4.372012
135,C[C@H]1COCCCN1C(=O)CC1=CN=CC2=CC=CC=C12 |&1:1|,4.538567,4.808857
136,C[C@H]1CCCCCN1C(=O)CC1=CN=CC2=CC=CC=C12 |&1:1|,4.162691,4.9023666
137,C[C@H]1CCCCN(C(=O)CC2=CN=CC3=CC=CC=C23)C1 |&1:1|,4.294673,4.80898
138,O=C(CC1=CN=CC2=CC=CC=C12)N1CCC2=C(C1)N=CN2,4.217253,4.5442076
139,O=C(CC1=CN=CC2=CC=CC=C12)N1CCC2=C(C=CS2)C1,5.747442,4.4102573
140,C[C@H]1COCCN1C(=O)CC1=CN=CC2=CC=CC=C12 |&1:1|,4.538567,4.775042
141,C[C@H]1CCCN(C(=O)CC2=CN=CC3=CC=CC=C23)CC1 |&1:1|,5.372561,4.4092307
142,O=C(CC1=CN=CC2=CC=CC=C12)N1CCCCCC1,4.333793,4.462623
143,COC1=CC=C(N(CC2=CC=CC(Cl)=C2)C(=O)CC2=CN=CC(C)=C2)C=C1,5.5508018,4.952179
144,O=C(CC1=CN=CC2=CC=CC=C12)N(CC1=CC=CC(Cl)=C1)C1=CC=C2C=CNC2=C1,5.611409,5.127536
145,C[C@H]1CCCN(C(=O)CC2=CN=CC3=CC=CC=C23)C1 |&1:1|,4.294673,4.6680193
146,C[C@H]1CCCCN1C(=O)CC1=CN=CC2=CC=CC=C12 |&1:1|,4.162691,4.9023666
147,C[C@H]1CN(C(=O)CC2=CN=CC3=CC=CC=C23)CCO1 |&1:1|,4.3112264,4.9013677
148,O=C(CC1=CN=CC2=CC=CC=C12)N1CCC1,4.792427,4.462623
149,O=C(CC1=CN=CC2=CC=CC=C12)N1CCN2N=CC=C2C1,4.0273795,4.3791895
150,CC1=NC2=CC=C(N(CC3=CC=CC(Cl)=C3)C(=O)CC3=CN=CC4=CC=CC=C34)C=C2N1,5.8715816,5.30056
151,C[C@H]1C2=C(CCN1C(=O)CC1=CN=CC3=CC=CC=C13)SC=C2 |o1:1|,5.9709444,4.8447943
152,C[C@H]1C2=C(CCN1C(=O)CC1=CN=CC3=CC=CC=C13)SC=C2 |o1:1|,5.9709444,4.8447943
153,O=C(CC1=CN=CC2=CC=CC=C12)N1CCC2=C(Cl)C=CC=C2C1,4.586063,4.9308953
154,C[C@H]1CCN(C(=O)CC2=CN=CC3=CC=CC=C23)C1 |&1:1|,4.6924105,4.894613
155,C[C@H]1CCN1C(=O)CC1=CN=CC2=CC=CC=C12 |&1:1|,4.538567,4.936644
156,COC1=CC=C(N(CC2=CC=CC(Cl)=C2)C(=O)CC2=CN=CC=C2C)C=C1,5.521046,5.114984
157,O=C(CC1=CN=CC2=CC=CC=C12)N1CCCN2N=CC=C2C1,4.0273795,4.4130044
158,CC[C@H]1C2=C(CCN1C(=O)CC1=CN=CC3=CC=CC=C13)SC=C2 |o1:2|,6.810054,5.1169605
159,CC[C@H]1C2=C(CCN1C(=O)CC1=CN=CC3=CC=CC=C13)SC=C2 |o1:2|,6.810054,5.1169605
160,O=C(CC1=CN=CC2=CC=CC=C12)N1CCCC1,4.792427,4.462623
161,O=C(CC1=CN=CC2=CC=CC=C12)N1CCCOCC1,4.538567,4.287398
162,CC1=NC2=C(CCN(C(=O)CC3=CN=CC4=CC=CC=C34)C2)N1C,4.537925,4.4563904
163,CN1C=NC2=C1CCN(C(=O)CC1=CN=CC3=CC=CC=C13)C2,5.2005434,4.514545
164,CC1CCN(C(=O)CC2=CN=CC3=CC=CC=C23)CC1,4.919751,4.7014904
165,CC1CN(C(=O)CC2=CN=CC3=CC=CC=C23)C1,5.143254,4.81493
166,O=C(CC1=CN=CC2=CC=CC=C12)N1CCCCC1,4.792427,4.462623
167,C[C@H]1CCN(C(=O)CC2=CN=CC3=CC=CC=C23)CCO1 |&1:1|,4.3112264,4.598121
168,C[C@H]1CN(C(=O)CC2=CN=CC3=CC=CC=C23)CCCO1 |&1:1|,4.8202977,4.8791246
169,C[C@H]1CCOCCN1C(=O)CC1=CN=CC2=CC=CC=C12 |&1:1|,4.538567,4.764301
170,O=C(CC1=CN=CC2=CC=CC=C12)N(CC1=CC=CC(Cl)=C1)C1=CC=C2N=CNC2=C1,5.5502677,5.1833744
171,CC(C)CC1(C)CCN(C(=O)CC2=CN=CC3=CC=CC=C23)CC1,5.4219174,4.736542
172,CC(F)(F)C1CCN(C(=O)CC2=CN=CC3=CC=CC=C23)CC1,5.6416845,4.7995963
173,O=C(CC1=CN=CC2=CC=CC=C12)N1CCC(C(F)F)CC1,5.233923,4.639909
174,"CC1=NC=CC(CN2C[C@@]3(C(=O)N(C4=CN=CC5=CC=CC=C45)C[C@@H]3CNC3=NN=CS3)C3=CC(Cl)=CC=C3C2=O)=N1 |a:9,24|",7.1589084,6.1021833
175,CC(C)C1CCN(C(=O)CC2=CN=CC3=CC=CC=C23)CC1,5.220027,4.663885
176,"C[C@H]1C[C@@H](C)N(C(=O)CC2=CN=CC3=CC=CC=C23)[C@@H](C)C1 |a:1,3,19|",5.366106,4.5040636
177,"CC1=NC=CC(CN2C[C@@]3(C(=O)N(C4=CN=CC5=CC=CC=C45)C[C@@H]3CNC3=NN=C(C)O3)C3=CC(Cl)=CC=C3C2=O)=N1 |a:9,24|",6.8254404,6.099784
178,CCC1CCN(C(=O)CC2=CN=CC3=CC=CC=C23)CC1,5.4365425,4.584469
179,"CC1=NC=CC(CN2C[C@@]3(C(=O)N(C4=CN=CC5=CC=CC=C45)C[C@@H]3CNC3=NN=CO3)C3=CC(Cl)=CC=C3C2=O)=N1 |a:9,24|",7.1589084,6.181488
180,CC1(C)CCN(C(=O)CC2=CN=CC3=CC=CC=C23)CC1,5.255806,4.686024
181,"C[C@@H]1CCN(C(=O)CC2=CN=CC3=CC=CC=C23)[C@H](C)C1 |a:1,18|",5.359931,4.936644
182,"CC1=NC=CC(CN2C[C@@]3(C(=O)N(C4=CN=CC5=CC=CC=C45)C[C@@H]3CNC3=NN=C(C(F)(F)F)O3)C3=CC(Cl)=CC=C3C2=O)=N1 |a:9,24|",7.2298813,6.2049227
183,O=C(CC1=CN=CC2=CC=CC=C12)N1CCC(C(F)(F)F)CC1,5.24893,4.511265
184,"O=C1C2=CC=C(Cl)C=C2[C@@]2(CN1CC1=NNC=C1)C(=O)N(C1=CN=CC3=CC=CC=C13)C[C@@H]2CNC1=NN=CS1 |a:9,32|",7.9437294,6.132676
185,"O=C1C2=CC=C(Cl)C=C2[C@@]2(CN1CC1=NNC=C1)C(=O)N(C1=CN=CC3=CC=CC=C13)C[C@@H]2CNC1=NN=C(C(F)(F)F)O1 |a:9,32|",8.014701,6.2354155
186,COCC1CCN(C(=O)CC2=CN=CC3=CC=CC=C23)CC1,4.991377,4.7717447
187,CC(C)C1(F)CCN(C(=O)CC2=CN=CC3=CC=CC=C23)CC1,5.16299,4.6545105
188,"CCC1=CC=C([C@H]2C[C@H](C)CCN2C(=O)CC2=CN=CC3=CC=CC=C23)O1 |o1:6,8|",5.806286,5.036561
189,CC1=CN=CC(CC(=O)N2CCC3=C(C=CS3)C2)=C1,5.7700233,4.5309515
190,O=C(CC1=CN=CC2=CC=CC=C12)N1CCC2=C(C1)N=CS2,4.4568024,4.437344
191,CC(C)C1(C)CCN(C(=O)CC2=CN=CC3=CC=CC=C23)CC1,5.255806,4.560497
192,O=C(CC1=CN=CC2=CC=CC=C12)N1CCC2=C(C=CS2)C12CCC2,6.3941813,4.353427
193,CC1(CC(F)(F)F)CCN(C(=O)CC2=CN=CC3=CC=CC=C23)CC1,6.1122413,4.7147365
194,CC(C)[C@H]1C2=C(CCN1C(=O)CC1=CN=CC3=CC=CC=C13)SC=C2 |o1:3|,5.9709444,5.0744343
195,"CC(C)CNS(=O)(=O)OCC(=O)N1CCN(CC2=CC=CC(Cl)=C2)[C@H]2CS(=O)(=O)C[C@H]21 |&1:24,30|",5.7269297,4.7623076
196,CC(C)CC1(C(F)(F)F)CCN(C(=O)CC2=CN=CC3=CC=CC=C23)CC1,5.16299,4.96094
197,"CC(C)NS(=O)(=O)OCC(=O)N1CCN(CC2=CC=CC(Cl)=C2)[C@H]2CS(=O)(=O)C[C@H]21 |&1:23,29|",5.7269297,4.6688447
198,CNC(=O)C[C@H]1CCCN(C(=O)CC2=CN=CC3=CC=CC=C23)C1 |a:5|,4.4695425,4.662233
199,COC[C@H]1C2=C(CCN1C(=O)CC1=CN=CC3=CC=CC=C13)SC=C2 |o1:3|,5.915426,5.137554
200,COC[C@H]1C2=C(CCN1C(=O)CC1=CN=CC3=CC=CC=C13)SC=C2 |o1:3|,5.915426,5.137554
201,"CCNS(=O)(=O)OCC(=O)N1CCN(CC2=CC=CC(Cl)=C2)[C@H]2CS(=O)(=O)C[C@H]21 |&1:22,28|",6.1732845,4.7117896
202,"O=C(CC1=CN=CC2=CC=CC=C12)N1CC[C@@H]2CCCC[C@@H]2C1 |a:16,21|",4.868197,4.6879983
203,O=C(O)C[C@@H]1CCCN(C(=O)CC2=CN=CC3=CC=CC=C23)C1 |a:4|,4.3112264,4.4249716
204,NC(=O)O[C@@H]1CCCN(C(=O)CC2=CN=CC3=CC=CC=C23)C1 |a:4|,4.3312654,4.5875573
205,COC(=O)[C@@H]1CCCN(C(=O)CC2=CN=CC3=CC=CC=C23)C1 |a:4|,3.9899125,4.72059
206,O=C(O)C[C@H]1CCCCN1C(=O)CC1=CN=CC2=CC=CC=C12 |a:4|,4.872035,4.491992
207,CN(C)C(=O)[C@H]1CCCN(C(=O)CC2=CN=CC3=CC=CC=C23)C1 |a:5|,3.9485354,4.5525494
208,COC(=O)[C@H]1CCCN(C(=O)CC2=CN=CC3=CC=CC=C23)C1 |a:4|,3.9899125,4.72059
209,CNC(=O)C[C@@H]1CCCCN1C(=O)CC1=CN=CC2=CC=CC=C12 |a:5|,5.030351,4.685781
210,CN(C)C(=O)CN(CC1=CC=CC(Cl)=C1)C(=O)CC1=CN=CC2=CC=CC=C12,4.474945,4.9795446
211,CNC(=O)[C@@H]1CCCN(C(=O)CC2=CN=CC3=CC=CC=C23)C1 |a:4|,4.2037473,4.537063
212,CC(C)[C@H]1CCCN(C(=O)CC2=CN=CC3=CC=CC=C23)C1 |o1:3|,4.6592183,4.7474356
213,CC(C)[C@H]1CCCN(C(=O)CC2=CN=CC3=CC=CC=C23)C1 |o1:3|,4.6592183,4.7474356
214,C[C@H](C(=O)N1CCC2=C(C=CS2)C1)C1=CN=CC2=CC=CC=C12 |o1:1|,4.4847,4.210187
215,C[C@H](C(=O)N1CCC2=C(C=CS2)C1)C1=CN=CC2=CC=CC=C12 |o1:1|,4.4847,4.210187
216,C[C@H]1C2=CC=CN=C2CCN1C(=O)CC1=CN=CC2=CC=CC=C12 |o1:1|,4.440756,4.6013193
217,C[C@H]1C2=CC=CN=C2CCN1C(=O)CC1=CN=CC2=CC=CC=C12 |o1:1|,4.440756,4.6013193
218,"C[C@H]1C[C@H](C(C)(F)F)CCN1C(=O)CC1=CN=CC2=CC=CC=C12 |&1:1,3|",5.6416845,4.9672966
219,C=CC[C@H]1CCCN(C(=O)CC2=CN=CC3=CC=CC=C23)C1 |o1:3|,3.6401129,4.598905
220,C=CC[C@H]1CCCN(C(=O)CC2=CN=CC3=CC=CC=C23)C1 |o1:3|,3.6401129,4.598905
221,CC[C@H]1CCCN(C(=O)CC2=CN=CC3=CC=CC=C23)C1 |o1:2|,4.757581,4.795403
222,CC[C@H]1CCCN(C(=O)CC2=CN=CC3=CC=CC=C23)C1 |o1:2|,4.757581,4.795403
223,O=C(O)C[C@@H]1CCCCN1C(=O)CC1=CN=CC2=CC=CC=C12 |a:4|,4.872035,4.491992
224,NC(=O)[C@@H]1CCCN(C(=O)CC2=CN=CC3=CC=CC=C23)C1 |a:3|,3.6469517,4.3602347
225,CC(C)(O)[C@H]1CCCN(C(=O)CC2=CN=CC3=CC=CC=C23)C1 |o1:4|,5.085165,4.5604734
226,O=C(CC1=CN=CC2=CC=CC=C12)N1CCC2=C(C=CS2)[C@H]1C1=CC=CC=C1 |o1:21|,5.977626,4.883171
227,O=C(CC1=CN=CC2=CC=CC=C12)N1CCC2=C(C=CS2)[C@H]1C1=CC=CC=C1 |o1:21|,5.977626,4.883171
228,CC(C)C1=CC=C([C@H]2CCCCN2C(=O)CC2=CN=CC3=CC=CC=C23)C=C1 |&1:7|,4.538567,4.717496
229,COC[C@H]1CCCCN1C(=O)CC1=CN=CC2=CC=CC=C12 |o1:3|,4.538567,4.885735
230,COC[C@H]1CCCCN1C(=O)CC1=CN=CC2=CC=CC=C12 |o1:3|,4.538567,4.885735
231,O=C(CC1=CN=CC2=CC=CC=C12)N1CCC[C@H](CF)C1 |o1:17|,4.6585903,4.7076464
232,O=C(CC1=CN=CC2=CC=CC=C12)N1CCC[C@H](CF)C1 |o1:17|,4.6585903,4.7076464
233,CCC1=NOC([C@H]2CCCCN2C(=O)CC2=CN=CC3=CC=CC=C23)=C1 |&1:6|,4.984922,4.6885495
234,COCC1(CC2CC2)CCN(C(=O)CC2=CN=CC3=CC=CC=C23)CC1,4.815626,4.7441974
235,CC1=CC=CC([C@H]2CCCCN2C(=O)CC2=CN=CC3=CC=CC=C23)=C1C |&1:6|,4.7620697,4.834374
236,COC[C@H]1CCCN(C(=O)CC2=CN=CC3=CC=CC=C23)C1 |o1:3|,4.987539,4.8066473
237,COC[C@H]1CCCN(C(=O)CC2=CN=CC3=CC=CC=C23)C1 |o1:3|,4.987539,4.8066473
238,COCC1=CC=CC([C@H]2CCCCN2C(=O)CC2=CN=CC3=CC=CC=C23)=C1 |&1:8|,4.778116,4.835931
239,C#CC1=CC=C([C@H]2CCCCN2C(=O)CC2=CN=CC3=CC=CC=C23)C=C1 |&1:6|,4.538567,4.480832
240,O=C(CC1=CN=CC2=CC=CC=C12)N1CCCC[C@H]1C1=CC=CC=C1F |&1:18|,5.1094337,4.5871286
241,O=C(CC1=CN=CC2=CC=CC=C12)N1CCC[C@H](CCF)C1 |o1:17|,4.6585903,4.6804814
242,O=C(CC1=CN=CC2=CC=CC=C12)N1CCC[C@H](CCF)C1 |o1:17|,4.6585903,4.6804814
243,O=C(CC1=CN=CC2=CC=CC=C12)N1CCCC[C@H]1C1=CC=C(F)C=C1F |&1:18|,4.766474,4.5366178
244,CC1=NOC([C@H]2CCCCN2C(=O)CC2=CN=CC3=CC=CC=C23)=C1 |&1:5|,4.538567,4.7556086
245,COC1=CC=CC=C1[C@H]1CCCCN1C(=O)CC1=CN=CC2=CC=CC=C12 |&1:8|,5.225578,5.014467
246,CN1C=NC=C1[C@H]1CCCCN1C(=O)CC1=CN=CC2=CC=CC=C12 |&1:6|,4.658132,4.8342733
247,O=C(CC1=CN=CC2=CC=CC=C12)N1CCCC[C@H]1C1=NN=CN1 |&1:18|,5.219399,4.525578
248,CN1C=CC=C1[C@H]1CCCCN1C(=O)CC1=CN=CC2=CC=CC=C12 |&1:6|,3.4826329,4.680826
249,O=C(CC1=CN=CC2=CC=CC=C12)N1CCCC[C@H]1C1=NC=CS1 |&1:18|,4.979303,4.555725
250,O=C(CC1=CN=CC2=CC=CC=C12)N1CCCC[C@H]1C1=CC(Cl)=CC=C1F |&1:18|,5.428868,4.9001956
251,CC(C)CC[C@H]1CCCCN1C(=O)CC1=CN=CC2=CC=CC=C12 |o1:5|,4.163427,4.922795
252,CC(C)CC[C@H]1CCCCN1C(=O)CC1=CN=CC2=CC=CC=C12 |o1:5|,4.163427,4.922795
253,"C[C@H]1C[C@H](C)CN(C(=O)CC2=CN=CC3=CC=CC=C23)C1 |a:1,3|",4.919751,4.81493
254,CC(C)[C@]1(O)CCCN(C(=O)CC2=CN=CC3=CC=CC=C23)C1 |&1:3|,4.815626,4.4441743
255,COC1=CC=C([C@H]2CCCCN2C(=O)CC2=CN=CC3=CC=CC=C23)C=C1F |&1:6|,5.12548,4.841322
256,COC1=CC=CC=C1[C@H]1CC(C)(C)CCN1C(=O)CC1=CN=CC2=CC=CC=C12 |&1:8|,5.770301,4.8619003
257,"C[C@H]1C[C@@H](C(C)(F)F)CCN1C(=O)CC1=CN=CC2=CC=CC=C12 |&1:1,3|",5.6416845,4.9672966
258,CC(C)(O)[C@H]1CCCN(C(=O)CC2=CN=CC3=CC=CC=C23)C1 |o1:4|,5.085165,4.5604734
259,C[C@H]1CCN(C(=O)CC2=CN=CC3=CC=CC=C23)CC2=C1SC=C2 |&1:1|,5.330357,4.4746227
260,N#CC[C@H]1CCCN(C(=O)CC2=CN=CC3=CC=CC=C23)C1 |a:3|,3.8525918,4.462974
261,O=C(CC1=CN=CC2=CC=CC=C12)N1CCCC[C@H]1C1CCC1 |&1:18|,4.7620697,4.4292645
262,O=C(CC1=CN=CC2=CC=CC=C12)N1CCCC[C@H]1C1=C(F)C=CC=C1F |&1:18|,4.885931,4.7282076
263,O=C(CC1=CN=CC2=CC=CC=C12)N1CCCC[C@H]1C1=NC2=CC=CC=C2O1 |&1:18|,4.538567,4.6118264
264,O=C(CC1=CN=CC2=CC=CC=C12)N1CCCC[C@H]1C1=CC=C(F)C(Cl)=C1 |&1:18|,5.172976,4.8006296
265,CC1=NNC([C@H]2CCCCN2C(=O)CC2=CN=CC3=CC=CC=C23)=C1 |&1:5|,4.0530515,4.99917
266,O=C(CC1=CN=CC2=CC=CC=C12)N1CCC[C@H](C2CCCC2)C1 |o1:17|,4.868197,4.6403127
267,O=C(CC1=CN=CC2=CC=CC=C12)N1CCC[C@H](C2CCCC2)C1 |o1:17|,4.868197,4.6403127
268,O=C(CC1=CN=CC2=CC=CC=C12)N1CCCC[C@H]1C1=NNC=C1 |&1:18|,5.002075,4.5070257
269,O=C(CC1=CN=CC2=CC=CC=C12)N1CCCC[C@H]1C1=NOC=C1 |&1:18|,4.538567,4.6245437
270,O=C(CC1=CN=CC2=CC=CC=C12)N1CCCC[C@H]1C1=CC=CC(F)=C1 |&1:18|,5.12548,4.547695
271,O=C(CC1=CN=CC2=CC=CC=C12)N1CCCC[C@H]1C1=CC=C(Cl)C=C1 |&1:18|,4.5100093,4.5387697
272,CC1=CC=C([C@H]2CCCCN2C(=O)CC2=CN=CC3=CC=CC=C23)C=C1 |&1:5|,4.538567,4.7893066
273,O=C(CC1=CN=CC2=CC=CC=C12)N1CCCC[C@H]1C1=CC=C(F)C=N1 |&1:18|,4.564617,4.581808
274,O=C(CC1=CN=CC2=CC=CC=C12)N1CCCC[C@H]1C1=CC=NC=N1 |&1:18|,4.5677886,4.56289
275,"C[C@H]1CCCN(C(=O)CC2=CN=CC3=CC=CC=C23)[C@H]1C |o1:1,19|",4.8572383,4.644384
276,O=C(CC1=CN=CC2=CC=CC=C12)N1CCC2=C(N=CS2)C12CCC2,4.7338614,4.3093224
277,"C[C@H](O)[C@H]1CCCN(C(=O)CC2=CN=CC3=CC=CC=C23)C1 |o1:1,o2:3|",4.6592183,4.5347176
278,"C[C@H](O)[C@H]1CCCN(C(=O)CC2=CN=CC3=CC=CC=C23)C1 |o1:1,o2:3|",4.6592183,4.5347176
279,"C[C@H](O)[C@H]1CCCN(C(=O)CC2=CN=CC3=CC=CC=C23)C1 |o1:1,o2:3|",4.6592183,4.5347176
280,"C[C@H](O)[C@H]1CCCN(C(=O)CC2=CN=CC3=CC=CC=C23)C1 |o1:1,o2:3|",4.6592183,4.5347176
281,CN1N=CC=C1[C@H]1CCCCN1C(=O)CC1=CN=CC2=CC=CC=C12 |&1:6|,3.6227844,4.7274
282,CC(=O)NC[C@H]1CCCCN1C(=O)CC1=CN=CC2=CC=CC=C12 |a:5|,4.538567,4.738805
283,CN1N=NC=C1[C@H]1CCCCN1C(=O)CC1=CN=CC2=CC=CC=C12 |&1:6|,4.418583,4.8023715
284,O=C(CC1=CN=CC2=CC=CC=C12)N1CCCC[C@H]1C1=CC=C(Cl)C=C1F |a:18|,4.737916,4.8049493
285,CC(=O)NC[C@@H]1CCCCN1C(=O)CC1=CN=CC2=CC=CC=C12 |a:5|,4.538567,4.738805
286,"O=C(CC1=CN=CC2=CC=CC=C12)N1CCC[C@H]2CCCC[C@H]21 |o1:17,22|",4.7620697,4.288304
287,"O=C(CC1=CN=CC2=CC=CC=C12)N1CCC[C@H]2CCCC[C@H]21 |o1:17,22|",4.7620697,4.288304
288,CN1C=NN=C1[C@H]1CCCCN1C(=O)CC1=CN=CC2=CC=CC=C12 |&1:6|,4.658132,4.7282195
289,O=C(CC1=CN=CC2=CC=CC=C12)N1CCCC[C@H]1C1=CSC=N1 |&1:18|,4.1683936,4.555725
290,"O=C(CC1=CN=CC2=CC=CC=C12)N1CCCC[C@H]1[C@H]1CCCO1 |o1:18,o2:19|",4.538567,4.442723
291,"O=C(CC1=CN=CC2=CC=CC=C12)N1CCCC[C@H]1[C@H]1CCCO1 |o1:18,o2:19|",4.538567,4.442723
292,"O=C(CC1=CN=CC2=CC=CC=C12)N1CCCC[C@H]1[C@H]1CCCO1 |o1:18,o2:19|",4.538567,4.442723
293,"O=C(CC1=CN=CC2=CC=CC=C12)N1CCCC[C@H]1[C@H]1CCCO1 |o1:18,o2:19|",4.538567,4.442723
294,"O=C(CC1=CN=CC2=CC=CC=C12)N1CCC[C@H]2CCCC[C@@H]21 |o1:17,22|",4.7620697,4.288304
295,"COC1=CC=CC=C1[C@H]1C[C@H](C)CCN1C(=O)CC1=CN=CC2=CC=CC=C12 |o1:8,10|",6.0469418,5.0867825
296,"COC1=CC=CC=C1[C@H]1C[C@H](C)CCN1C(=O)CC1=CN=CC2=CC=CC=C12 |o1:8,10|",6.0469418,5.0867825
