,SMILES,MorganFP,predicted_mean,predicted_std,predicted_lower,predicted_upper
0,C=CC(=O)NC1=CC=CC(N(CC2=CC=CC(Cl)=C2)C(=O)CC2=CN=CC3=CC=CC=C23)=C1,<rdkit.DataStructs.cDataStructs.ExplicitBitVect object at 0x0000029E82641E40>,4.5938377,0.42039123,3.769871,5.4178047
1,CNC(=O)CN1C[C@@]2(C(=O)N(C3=CN=CC4=CC=CC=C34)C[C@@H]2C)C2=C(C=CC(F)=C2)C1=O,<rdkit.DataStructs.cDataStructs.ExplicitBitVect object at 0x0000029E82641DD0>,5.460543,0.49789974,4.4846597,6.4364266
2,"CNC(=O)CN1C[C@]2(CCN(C3=CN=CC4=CC=C(OC[C@H](O)CN(C)C)C=C34)C2=O)C2=CC(Cl)=CC=C2C1=O |&1:7,&2:21|",<rdkit.DataStructs.cDataStructs.ExplicitBitVect object at 0x0000029E82641EB0>,5.2082562,0.4754702,4.276335,6.1401777
3,CNC(=O)CN1C[C@@]2(C(=O)N(C3=CN=CC4=CC=CC=C34)C[C@@H]2C)C2=CC=CC=C2C1=O,<rdkit.DataStructs.cDataStructs.ExplicitBitVect object at 0x0000029E82641F20>,3.8934045,0.36701363,3.1740577,4.612751
4,CNC(=O)CN1C[C@@]2(C(=O)N(C3=CN=CC4=CC=CC=C34)C[C@@H]2C)C2=CC(Cl)=CC=C2C1=O,<rdkit.DataStructs.cDataStructs.ExplicitBitVect object at 0x0000029E82641F90>,5.690883,0.5193111,4.6730337,6.7087326
5,"CNC(=O)CN1C[C@]2(C(=O)N(C3=CN=CC4=CC=CC=C34)C[C@H]2CC2CC2)C2=CC(Cl)=CC=C2C1=O |o1:7,22|",<rdkit.DataStructs.cDataStructs.ExplicitBitVect object at 0x0000029E82655040>,5.150336,0.48551047,4.198735,6.1019363
6,C[C@H]1CN(C2=CN=CC3=CC=CC=C23)C(=O)[C@@]12CN(CC(=O)NCC1=CC=NN1C)C(=O)C1=CC=C(Cl)C=C12,<rdkit.DataStructs.cDataStructs.ExplicitBitVect object at 0x0000029E826550B0>,7.2175207,0.6488469,5.9457808,8.489261
7,C[C@H]1CN(C2=CN=CC3=CC=CC=C23)C(=O)[C@@]12CN(CC(=O)NCC1=NN(C)C=C1)C(=O)C1=CC=C(Cl)C=C12,<rdkit.DataStructs.cDataStructs.ExplicitBitVect object at 0x0000029E82655120>,7.0818725,0.6590459,5.7901425,8.373602
8,CO[C@@H](C)CN1C[C@H](C(=O)NC2=CN=CC3=CC=CC=C23)C2=CC(Cl)=CC=C2C1=O |o1:7|,<rdkit.DataStructs.cDataStructs.ExplicitBitVect object at 0x0000029E82655190>,6.3580956,0.565908,5.2489157,7.4672756
9,CN[C@H](C)CN1C[C@H](C(=O)NC2=CN=CC3=CC=CC=C23)C2=CC(Cl)=CC=C2C1=O |&1:7|,<rdkit.DataStructs.cDataStructs.ExplicitBitVect object at 0x0000029E82655200>,6.4084077,0.5787503,5.274057,7.5427585
10,CN1C(=O)C2=CC=C(Cl)C=C2[C@]12CCCN(C1=CN=CC3=CC=CC=C13)C2=O |&1:11|,<rdkit.DataStructs.cDataStructs.ExplicitBitVect object at 0x0000029E82655270>,4.983849,0.4665228,4.069464,5.898234
11,CCNC(=O)CN1C[C@@]2(C(=O)N(C3=CN=CC4=CC=CC=C34)C[C@@H]2C)C2=CC(Cl)=CC=C2C1=O,<rdkit.DataStructs.cDataStructs.ExplicitBitVect object at 0x0000029E826552E0>,5.8091784,0.5252786,4.779632,6.8387246
12,C[C@H]1CN(C2=CN=CC3=CC=CC=C23)C(=O)[C@@]12CN(CC(=O)NCC1CC1)C(=O)C1=CC=C(F)C=C12,<rdkit.DataStructs.cDataStructs.ExplicitBitVect object at 0x0000029E82655350>,5.4639764,0.4966126,4.490616,6.437337
13,C[C@H]1CN(C2=CN=CC3=CC=CC=C23)C(=O)[C@@]12CN(CC(=O)NCC1(F)CC1)C(=O)C1=CC=C(F)C=C12,<rdkit.DataStructs.cDataStructs.ExplicitBitVect object at 0x0000029E826553C0>,5.869108,0.5277984,4.8346233,6.903593
14,C[C@H]1CN(C2=CN=CC3=CC=CC=C23)C(=O)[C@@]12CN(CC(=O)NC1CCC1)C(=O)C1=CC=C(Cl)C=C12,<rdkit.DataStructs.cDataStructs.ExplicitBitVect object at 0x0000029E82655430>,6.5080237,0.5923713,5.3469763,7.669071
15,CCNC(=O)CN1C[C@@]2(C(=O)N(C3=CN=CC4=CC=CC=C34)C[C@@H]2C)C2=CC(F)=CC=C2C1=O,<rdkit.DataStructs.cDataStructs.ExplicitBitVect object at 0x0000029E826554A0>,5.5783067,0.5079615,4.582702,6.573911
16,CNC(=O)CN1C[C@@]2(C(=O)N(C3=CN=CC4=CC=CC=C34)C[C@@H]2CN2C=CN=N2)C2=CC(F)=CC=C2C1=O,<rdkit.DataStructs.cDataStructs.ExplicitBitVect object at 0x0000029E82655510>,5.418681,0.5183648,4.402686,6.434676
17,CNC(=O)C1(N2C[C@@]3(C(=O)N(C4=CN=CC5=CC=CC=C45)C[C@@H]3C)C3=CC(F)=CC=C3C2=O)CC1,<rdkit.DataStructs.cDataStructs.ExplicitBitVect object at 0x0000029E82655580>,5.706167,0.52302754,4.681033,6.7313013
18,CC1CCC2(CC1)CCN(C(=O)CC1=CN=CC3=CC=CC=C13)C2,<rdkit.DataStructs.cDataStructs.ExplicitBitVect object at 0x0000029E826555F0>,4.739615,0.43210343,3.892692,5.586538
19,CNC(=O)CN1C[C@@]2(C(=O)N(C3=CN=CC4=CC=CC=C34)C[C@@H]2CS(C)(=O)=O)C2=CC(F)=CC=C2C1=O,<rdkit.DataStructs.cDataStructs.ExplicitBitVect object at 0x0000029E82655660>,6.0066338,0.54714304,4.9342337,7.079034
20,CNC(=O)CN1C[C@@]2(C(=O)N(C3=CN=CC4=CC=CC=C34)C[C@@H]2CC#N)C2=CC(Cl)=CC=C2C1=O,<rdkit.DataStructs.cDataStructs.ExplicitBitVect object at 0x0000029E826556D0>,5.8648305,0.54482687,4.79697,6.932691
21,C[C@H]1CN(C2=CN=CC3=CC=CC=C23)C(=O)[C@@]12CN(CCN1CCOCC1)C(=O)C1=CC=C(F)C=C12,<rdkit.DataStructs.cDataStructs.ExplicitBitVect object at 0x0000029E82655740>,6.3958573,0.56544197,5.287591,7.5041237
22,C[C@H]1CN(C2=CN=CC3=CC=CC=C23)C(=O)[C@@]12CN(CC1=CNN=C1)C(=O)C1=CC=C(F)C=C12,<rdkit.DataStructs.cDataStructs.ExplicitBitVect object at 0x0000029E826557B0>,5.6996784,0.51805246,4.6842957,6.715061
23,C[C@H]1CN(C2=CN=CC3=CC=CC=C23)C(=O)[C@@]12CN(CCN1CCOCC1)C(=O)C1=CC=C(Cl)C=C12,<rdkit.DataStructs.cDataStructs.ExplicitBitVect object at 0x0000029E82655820>,6.6333723,0.59253556,5.4720025,7.794742
24,CNC(=O)[C@@H](C)N1C[C@@]2(C(=O)N(C3=CN=CC4=CC=CC=C34)C[C@@H]2C)C2=CC(F)=CC=C2C1=O,<rdkit.DataStructs.cDataStructs.ExplicitBitVect object at 0x0000029E82655890>,5.7841277,0.5352171,4.735102,6.8331532
25,CO[C@@H](C)CN1C[C@@]2(C(=O)N(C3=CN=CC4=CC=CC=C34)C[C@@H]2C)C2=CC(Cl)=CC=C2C1=O,<rdkit.DataStructs.cDataStructs.ExplicitBitVect object at 0x0000029E82655900>,6.134366,0.5463898,5.063442,7.20529
26,CNC(=O)[C@@H](C)N1C[C@@]2(C(=O)N(C3=CN=CC4=CC=CC=C34)C[C@@H]2C)C2=CC(Cl)=CC=C2C1=O,<rdkit.DataStructs.cDataStructs.ExplicitBitVect object at 0x0000029E82655970>,6.019982,0.56473553,4.9131002,7.1268635
27,CNCCN1C[C@@]2(C(=O)N(C3=CN=CC4=CC=CC=C34)C[C@@H]2C)C2=CC(Cl)=CC=C2C1=O,<rdkit.DataStructs.cDataStructs.ExplicitBitVect object at 0x0000029E826559E0>,6.319107,0.58077747,5.1807833,7.457431
28,CO[C@@H](C)CN1C[C@@]2(C(=O)N(C3=CN=CC4=CC=CC=C34)C[C@@H]2C)C2=CC(F)=CC=C2C1=O,<rdkit.DataStructs.cDataStructs.ExplicitBitVect object at 0x0000029E82655A50>,5.899553,0.5237775,4.8729486,6.926157
29,C=CC(=O)N1CCCC2=C1C=CC=C2N(CC1=CC=CC(Cl)=C1)C(=O)CC1=CN=CC2=CC=CC=C12,<rdkit.DataStructs.cDataStructs.ExplicitBitVect object at 0x0000029E82655AC0>,5.302355,0.48040614,4.360759,6.243951
30,CNC(=O)CN1C[C@@]2(C(=O)N(C3=CN=CC4=CC=CC=C34)C[C@@H]2CNC2=CC=CC=C2)C2=CC(Cl)=CC=C2C1=O,<rdkit.DataStructs.cDataStructs.ExplicitBitVect object at 0x0000029E82655B30>,7.157222,0.64037937,5.902078,8.412365
31,CNC(=O)CN1C[C@@]2(C(=O)N(C3=CN=CC4=CC=CC=C34)C[C@@H]2CNC2=CN(C)N=C2)C2=CC(Cl)=CC=C2C1=O,<rdkit.DataStructs.cDataStructs.ExplicitBitVect object at 0x0000029E82641C10>,6.700044,0.60336804,5.5174427,7.8826456
32,CNC(=O)CN1C[C@@]2(C(=O)N(C3=CN=CC4=CC=CC=C34)C[C@@H]2CC2=NNN=N2)C2=CC(Cl)=CC=C2C1=O,<rdkit.DataStructs.cDataStructs.ExplicitBitVect object at 0x0000029E82655BA0>,6.6789837,0.6332337,5.4378457,7.9201217
33,C[C@H]1CN(C2=CN=CC3=CC=CC=C23)C(=O)[C@@]12CN(CC1=CNC=N1)C(=O)C1=CC=C(F)C=C12,<rdkit.DataStructs.cDataStructs.ExplicitBitVect object at 0x0000029E82655C10>,6.3632283,0.55927485,5.26705,7.459407
34,C[C@H]1CN(C2=CN=CC3=CC=CC=C23)C(=O)[C@@]12CN(CC1=CC=NN1)C(=O)C1=CC=C(F)C=C12,<rdkit.DataStructs.cDataStructs.ExplicitBitVect object at 0x0000029E82655C80>,6.098143,0.5388259,5.042044,7.154242
35,C[C@H]1CN(C2=CN=CC3=CC=CC=C23)C(=O)[C@@]12CN(CC1=NC=CN1)C(=O)C1=CC=C(F)C=C12,<rdkit.DataStructs.cDataStructs.ExplicitBitVect object at 0x0000029E82655CF0>,6.0829735,0.56402344,4.9774876,7.1884594
36,CNC(=O)CN1C[C@@]2(C(=O)N(C3=CN=CC4=CC=CC=C34)C[C@@H]2CNC2=CC=NC=N2)C2=CC(Cl)=CC=C2C1=O,<rdkit.DataStructs.cDataStructs.ExplicitBitVect object at 0x0000029E82655D60>,6.917036,0.622293,5.697342,8.13673
37,CNC(=O)CN1C[C@@]2(C(=O)N(C3=CN=CC4=CC=CC=C34)C[C@@H]2CNC2=CN=CC=N2)C2=CC(Cl)=CC=C2C1=O,<rdkit.DataStructs.cDataStructs.ExplicitBitVect object at 0x0000029E82655DD0>,6.28186,0.5758128,5.153267,7.410453
38,CNC(=O)CN1C[C@@]2(C(=O)N(C3=CN=CC4=CC=CC=C34)C[C@@H]2CS(=O)(=O)N(C)C)C2=CC(Cl)=CC=C2C1=O,<rdkit.DataStructs.cDataStructs.ExplicitBitVect object at 0x0000029E82655E40>,6.3374357,0.5779164,5.2047195,7.470152
39,CNC(=O)CN1C[C@@]2(C(=O)N(C3=CN=CC4=CC=CC=C34)C[C@@H]2CS(=O)(=O)NC)C2=CC(F)=CC=C2C1=O,<rdkit.DataStructs.cDataStructs.ExplicitBitVect object at 0x0000029E82655EB0>,5.528085,0.5101615,4.5281687,6.528002
40,C[C@H]1CN(C2=CN=CC3=CC=CC=C23)C(=O)[C@@]12CN(CC1=CC(O)=NC=N1)C(=O)C1=CC=C(F)C=C12,<rdkit.DataStructs.cDataStructs.ExplicitBitVect object at 0x0000029E82655F20>,6.0161495,0.5303537,4.976656,7.055643
41,C[C@H]1CN(C2=CN=CC3=CC=CC=C23)C(=O)[C@@]12CN(CC1=NNC=N1)C(=O)C1=CC=C(F)C=C12,<rdkit.DataStructs.cDataStructs.ExplicitBitVect object at 0x0000029E82655F90>,5.857276,0.5328628,4.812865,6.901687
42,CN1C=CC(CN2C[C@]3(CCN(C4=CN=CC5=CC=CC=C45)C3=O)C3=CC(Cl)=CC=C3C2=O)=N1 |o1:8|,<rdkit.DataStructs.cDataStructs.ExplicitBitVect object at 0x0000029EE9E8A040>,6.4767694,0.56984156,5.35988,7.593659
43,CN1C=CC(CN2C[C@]3(CCN(C4=CN=CC5=CC=CC=C45)C3=O)C3=CC(Cl)=CC=C3C2=O)=N1 |o1:8|,<rdkit.DataStructs.cDataStructs.ExplicitBitVect object at 0x0000029EE9E8A0B0>,6.4767694,0.56984156,5.35988,7.593659
44,CN1C=NC(CN2C[C@]3(CCN(C4=CN=CC5=CC=CC=C45)C3=O)C3=CC(Cl)=CC=C3C2=O)=N1 |o1:8|,<rdkit.DataStructs.cDataStructs.ExplicitBitVect object at 0x0000029EE9E8A120>,5.8362103,0.4929948,4.8699403,6.80248
45,CN1C=NC(CN2C[C@]3(CCN(C4=CN=CC5=CC=CC=C45)C3=O)C3=CC(Cl)=CC=C3C2=O)=N1 |o1:8|,<rdkit.DataStructs.cDataStructs.ExplicitBitVect object at 0x0000029EE9E8A190>,5.8362103,0.4929948,4.8699403,6.80248
46,CN1N=NC(CN2C[C@]3(CCN(C4=CN=CC5=CC=CC=C45)C3=O)C3=CC(Cl)=CC=C3C2=O)=N1 |o1:8|,<rdkit.DataStructs.cDataStructs.ExplicitBitVect object at 0x0000029EE9E8A200>,5.610886,0.47607788,4.6777735,6.5439987
47,CN1N=NC(CN2C[C@]3(CCN(C4=CN=CC5=CC=CC=C45)C3=O)C3=CC(Cl)=CC=C3C2=O)=N1 |o1:8|,<rdkit.DataStructs.cDataStructs.ExplicitBitVect object at 0x0000029EE9E8A270>,5.610886,0.47607788,4.6777735,6.5439987
48,CN1N=NN=C1CN1C[C@]2(CCN(C3=CN=CC4=CC=CC=C34)C2=O)C2=CC(Cl)=CC=C2C1=O |o1:9|,<rdkit.DataStructs.cDataStructs.ExplicitBitVect object at 0x0000029EE9E8A2E0>,5.07106,0.44092876,4.2068396,5.935281
49,CN1N=NN=C1CN1C[C@]2(CCN(C3=CN=CC4=CC=CC=C34)C2=O)C2=CC(Cl)=CC=C2C1=O |o1:9|,<rdkit.DataStructs.cDataStructs.ExplicitBitVect object at 0x0000029EE9E8A350>,5.07106,0.44092876,4.2068396,5.935281
50,CCN1N=CC=C1CN1C[C@@]2(C(=O)N(C3=CN=CC4=CC=CC=C34)C[C@@H]2C)C2=CC(F)=CC=C2C1=O,<rdkit.DataStructs.cDataStructs.ExplicitBitVect object at 0x0000029EE9E8A3C0>,6.4115076,0.5853611,5.2641997,7.5588155
51,CNC(=O)CN1C[C@@]2(C(=O)N(C3=CN=CC4=CC=CC=C34)C[C@@H]2CN2C=CC=N2)C2=CC(Cl)=CC=C2C1=O,<rdkit.DataStructs.cDataStructs.ExplicitBitVect object at 0x0000029EE9E8A430>,5.7415533,0.5488459,4.6658154,6.8172913
52,CNCCN1C[C@@]2(C(=O)N(C3=CN=CC4=CC=CC=C34)C[C@@H]2C)C2=CC(F)=CC=C2C1=O,<rdkit.DataStructs.cDataStructs.ExplicitBitVect object at 0x0000029EE9E8A4A0>,6.079863,0.55264217,4.9966846,7.1630416
53,C[C@H]1CN(C2=CN=CC3=CC=CC=C23)C(=O)[C@@]12CN(CC1=CNN=N1)C(=O)C1=CC=C(F)C=C12,<rdkit.DataStructs.cDataStructs.ExplicitBitVect object at 0x0000029EE9E8A510>,6.0981526,0.54758614,5.0248837,7.1714215
54,C[C@H]1CN(C2=CN=CC3=CC=CC=C23)C(=O)[C@@]12CN(CC1=CC=NN1C)C(=O)C1=CC=C(F)C=C12,<rdkit.DataStructs.cDataStructs.ExplicitBitVect object at 0x0000029EE9E8A580>,6.2768006,0.56062204,5.1779814,7.37562
55,C[C@H]1CN(C2=CN=CC3=CC=CC=C23)C(=O)[C@@]12CN(CC1=COC=N1)C(=O)C1=CC=C(F)C=C12,<rdkit.DataStructs.cDataStructs.ExplicitBitVect object at 0x0000029EE9E8A5F0>,5.559583,0.505109,4.5695696,6.549597
56,CC1=CN=C(CN2C[C@@]3(C(=O)N(C4=CN=CC5=CC=CC=C45)C[C@@H]3C)C3=CC(F)=CC=C3C2=O)C=N1,<rdkit.DataStructs.cDataStructs.ExplicitBitVect object at 0x0000029EE9E8A660>,5.491051,0.4985196,4.5139527,6.4681497
57,"CNC(=O)CN1C[C@@]2(C(=O)N(C3=CN=CC4=CC=CC=C34)C[C@@H]2CNC2=CN=C(C)S2)C2=CC(Cl)=CC=C2C1=O |a:7,22|",<rdkit.DataStructs.cDataStructs.ExplicitBitVect object at 0x0000029EE9E8A6D0>,5.8772306,0.5355483,4.8275557,6.9269056
58,"CNC(=O)CN1C[C@@]2(C(=O)N(C3=CN=CC4=CC=CC=C34)C[C@@H]2CS(=O)(=O)NC)C2=CC(Cl)=CC=C2C1=O |a:7,22|",<rdkit.DataStructs.cDataStructs.ExplicitBitVect object at 0x0000029EE9E8A740>,5.755698,0.5304889,4.71594,6.7954564
59,"CNC(=O)CN1C[C@@]2(C(=O)N(C3=CN=CC4=CC=CC=C34)C[C@@H]2CN2N=CN=N2)C2=CC(Cl)=CC=C2C1=O |a:7,22|",<rdkit.DataStructs.cDataStructs.ExplicitBitVect object at 0x0000029EE9E8A7B0>,5.5964336,0.5058332,4.6050005,6.587867
60,"C[C@H]1CN(C2=CN=CC3=CC=CC=C23)C(=O)[C@@]12CN(CC#N)C(=O)C1=CC=C(F)C=C12 |a:1,16|",<rdkit.DataStructs.cDataStructs.ExplicitBitVect object at 0x0000029EE9E8A820>,5.57379,0.4863038,4.6206346,6.5269456
61,"C[C@H]1CN(C2=CN=CC3=CC=CC=C23)C(=O)[C@@]12CN(CC1=NC=CN1C)C(=O)C1=CC=C(F)C=C12 |a:1,16|",<rdkit.DataStructs.cDataStructs.ExplicitBitVect object at 0x0000029EE9E8A890>,5.751366,0.5217229,4.7287893,6.773943
62,"C[C@H]1CN(C2=CN=CC3=CC=CC=C23)C(=O)[C@@]12CN(CC1=NN=NN1C)C(=O)C1=CC=C(F)C=C12 |a:1,16|",<rdkit.DataStructs.cDataStructs.ExplicitBitVect object at 0x0000029EE9E8A900>,5.084193,0.46091893,4.180792,5.9875946
63,"CC1=NOC(CN2C[C@@]3(C(=O)N(C4=CN=CC5=CC=CC=C45)C[C@@H]3C)C3=CC(F)=CC=C3C2=O)=C1 |a:8,23|",<rdkit.DataStructs.cDataStructs.ExplicitBitVect object at 0x0000029EE9E8A970>,5.447558,0.50673753,4.4543524,6.4407635
64,"CNC(=O)CN1C[C@@]2(C(=O)N(C3=CN=CC4=CC=CC=C34)C[C@@H]2CNC2=C(C)N=CS2)C2=CC(Cl)=CC=C2C1=O |a:7,22|",<rdkit.DataStructs.cDataStructs.ExplicitBitVect object at 0x0000029EE9E8A9E0>,6.1708026,0.5390375,5.1142893,7.227316
65,"CNC(=O)CN1C[C@@]2(C(=O)N(C3=CN=CC4=CC=CC=C34)C[C@@H]2CNC2=CN=CS2)C2=CC(Cl)=CC=C2C1=O |a:7,22|",<rdkit.DataStructs.cDataStructs.ExplicitBitVect object at 0x0000029EE9E8AA50>,6.1347475,0.5454796,5.0656075,7.2038875
66,"C[C@H]1CN(C2=CN=CC3=CC=CC=C23)C(=O)[C@@]12CN(CCN1CCN(S(C)(=O)=O)CC1)C(=O)C1=CC=C(Cl)C=C12 |a:1,16|",<rdkit.DataStructs.cDataStructs.ExplicitBitVect object at 0x0000029EE9E8AAC0>,6.3088946,0.56134677,5.208655,7.4091344
67,"O=C1C2=CC=C(Cl)C=C2[C@@]2(CN1CCN1CCOCC1)C(=O)N(C1=CN=CC3=CC=CC=C13)C[C@@H]2CNC1=NC=CC=N1 |a:9,34|",<rdkit.DataStructs.cDataStructs.ExplicitBitVect object at 0x0000029EE9E8AB30>,7.205063,0.643882,5.943054,8.467072
68,"CNC(=O)CN1C[C@@]2(C(=O)N(C3=CN=CC4=CC=CC=C34)C[C@@H]2CNC2=CC=C(Cl)N=N2)C2=CC(Cl)=CC=C2C1=O |a:7,22|",<rdkit.DataStructs.cDataStructs.ExplicitBitVect object at 0x0000029EE9E8ABA0>,6.4415827,0.58716154,5.290746,7.592419
69,"C[C@H]1CN(C2=CN=CC3=CC=CC=C23)C(=O)[C@@]12CN(CC1=CC=NN=C1)C(=O)C1=CC=C(F)C=C12 |a:1,16|",<rdkit.DataStructs.cDataStructs.ExplicitBitVect object at 0x0000029EE9E8AC10>,6.033186,0.5530037,4.949299,7.117073
70,"CC1=NC=C(CN2C[C@@]3(C(=O)N(C4=CN=CC5=CC=CC=C45)C[C@@H]3C)C3=CC(F)=CC=C3C2=O)O1 |a:8,23|",<rdkit.DataStructs.cDataStructs.ExplicitBitVect object at 0x0000029EE9E8AC80>,6.3065753,0.5664085,5.1964145,7.416736
71,"C[C@H]1CN(C2=CN=CC3=CC=CC=C23)C(=O)[C@@]12CN(CCN1CCCC1=O)C(=O)C1=CC=C(Cl)C=C12 |a:1,16|",<rdkit.DataStructs.cDataStructs.ExplicitBitVect object at 0x0000029EE9E8ACF0>,6.7969637,0.62015796,5.5814543,8.012473
72,"C[C@H]1CN(C2=CN=CC3=CC=CC=C23)C(=O)[C@@]12CN(CCN1CCS(=O)(=O)CC1)C(=O)C1=CC=C(Cl)C=C12 |a:1,16|",<rdkit.DataStructs.cDataStructs.ExplicitBitVect object at 0x0000029EE9E8AD60>,6.5855675,0.5839558,5.4410143,7.7301207
73,"C[C@H]1CN(C2=CN=CC3=CC=CC=C23)C(=O)[C@@]12CN(CC1=NC=CO1)C(=O)C1=CC=C(F)C=C12 |a:1,16|",<rdkit.DataStructs.cDataStructs.ExplicitBitVect object at 0x0000029EE9E8ADD0>,5.8301005,0.5122807,4.8260303,6.834171
74,"CC1=NC(CN2C[C@@]3(C(=O)N(C4=CN=CC5=CC=CC=C45)C[C@@H]3C)C3=CC(F)=CC=C3C2=O)=CO1 |a:7,22|",<rdkit.DataStructs.cDataStructs.ExplicitBitVect object at 0x0000029EE9E8AE40>,6.134589,0.5815478,4.9947557,7.2744226
75,"C[C@H]1CN(C2=CN=CC3=CC=CC=C23)C(=O)[C@@]12CN(CC1=NN(C)N=C1)C(=O)C1=CC=C(F)C=C12 |a:1,16|",<rdkit.DataStructs.cDataStructs.ExplicitBitVect object at 0x0000029EE9E8AEB0>,5.8691783,0.51653016,4.856779,6.8815775
76,"C[C@H]1CN(C2=CN=CC3=CC=CC=C23)C(=O)[C@@]12CN(CC1=NN(C)N=N1)C(=O)C1=CC=C(F)C=C12 |a:1,16|",<rdkit.DataStructs.cDataStructs.ExplicitBitVect object at 0x0000029EE9E8AF20>,5.6432905,0.49817225,4.666873,6.619708
77,"CC1=NC(CN2C[C@@]3(C(=O)N(C4=CN=CC5=CC=CC=C45)C[C@@H]3C)C3=CC(F)=CC=C3C2=O)=NO1 |a:7,22|",<rdkit.DataStructs.cDataStructs.ExplicitBitVect object at 0x0000029EE9E8AF90>,5.3732033,0.4840964,4.424374,6.3220325
78,"C[C@H]1CN(C2=CN=CC3=CC=CC=C23)C(=O)[C@@]12CN(CC1=NOC=C1)C(=O)C1=CC=C(F)C=C12 |a:1,16|",<rdkit.DataStructs.cDataStructs.ExplicitBitVect object at 0x0000029EE9EA3040>,6.2546477,0.54650337,5.1835012,7.325794
79,"C[C@H]1CN(C2=CN=CC3=CC=CC=C23)C(=O)[C@@]12CN(CC1=NN(C)C=N1)C(=O)C1=CC=C(F)C=C12 |a:1,16|",<rdkit.DataStructs.cDataStructs.ExplicitBitVect object at 0x0000029EE9EA30B0>,5.871918,0.5177884,4.857053,6.8867836
80,"C[C@H]1CN(C2=CN=CC3=CC=CC=C23)C(=O)[C@@]12CN(CC1=NN(C)C=C1)C(=O)C1=CC=C(F)C=C12 |a:1,16|",<rdkit.DataStructs.cDataStructs.ExplicitBitVect object at 0x0000029EE9EA3120>,6.515337,0.5970965,5.345028,7.685646
81,"C[C@H]1CN(C2=CN=CC3=CC=CC=C23)C(=O)[C@@]12CN(CC1=CN(C)N=C1)C(=O)C1=CC=C(F)C=C12 |a:1,16|",<rdkit.DataStructs.cDataStructs.ExplicitBitVect object at 0x0000029EE9EA3190>,5.1834874,0.458468,4.28489,6.0820847
82,"COC[C@H]1CN(C2=CN=CC3=CC=CC=C23)C(=O)[C@@]12CN(CC1=CC=NN1)C(=O)C1=CC=C(Cl)C=C12 |a:3,18|",<rdkit.DataStructs.cDataStructs.ExplicitBitVect object at 0x0000029EE9EA3200>,7.3445086,0.669961,6.031385,8.657632
83,"C[C@H]1CN(C2=CN=CC3=CC=CC=C23)C(=O)[C@@]12CN(CC1=CC=NC=N1)C(=O)C1=CC=C(F)C=C12 |a:1,16|",<rdkit.DataStructs.cDataStructs.ExplicitBitVect object at 0x0000029EE9EA3270>,6.18415,0.54507947,5.115794,7.2525063
84,"COC[C@H]1CN(C2=CN=CC3=CC=CC=C23)C(=O)[C@@]12CN(CC1=CNC=N1)C(=O)C1=CC=C(Cl)C=C12 |a:3,18|",<rdkit.DataStructs.cDataStructs.ExplicitBitVect object at 0x0000029EE9EA32E0>,7.5991106,0.6876432,6.25133,8.946891
85,"COC[C@H]1CN(C2=CN=CC3=CC=CC=C23)C(=O)[C@@]12CN(CC1=NC=CN1)C(=O)C1=CC=C(Cl)C=C12 |a:3,18|",<rdkit.DataStructs.cDataStructs.ExplicitBitVect object at 0x0000029EE9EA3350>,7.30062,0.6849478,5.9581223,8.643118
86,"CNC(=O)CN1C[C@@]2(C(=O)N(C3=CN=CC4=CC=CC=C34)C[C@@H]2CCl)C2=CC(Cl)=CC=C2C1=O |a:7,22|",<rdkit.DataStructs.cDataStructs.ExplicitBitVect object at 0x0000029EE9EA33C0>,5.876444,0.53756285,4.8228207,6.930067
87,"C[C@H]1CN(C2=CN=CC3=CC=CC=C23)C(=O)[C@@]12CN(CCN1CCC3(COC3)C1)C(=O)C1=CC=C(Cl)C=C12 |a:1,16|",<rdkit.DataStructs.cDataStructs.ExplicitBitVect object at 0x0000029EE9EA3430>,6.6797166,0.59930325,5.505082,7.854351
88,"CNC(=O)CN1C[C@@]2(C(=O)N(C3=CN=CC4=CC=CC=C34)C[C@@H]2CNC2=NC=NC=N2)C2=CC(Cl)=CC=C2C1=O |a:7,22|",<rdkit.DataStructs.cDataStructs.ExplicitBitVect object at 0x0000029EE9EA34A0>,6.488307,0.5762836,5.3587914,7.6178226
89,"CNC(=O)CN1C[C@@]2(C(=O)N(C3=CN=CC4=CC=CC=C34)C[C@@H]2CNC2=NN=CS2)C2=CC(Cl)=CC=C2C1=O |a:7,22|",<rdkit.DataStructs.cDataStructs.ExplicitBitVect object at 0x0000029EE9EA3510>,6.2131443,0.54707444,5.1408787,7.28541
90,"C[C@@H]1COC[C@@H](C)N1CCN1C[C@@]2(C(=O)N(C3=CN=CC4=CC=CC=C34)C[C@@H]2C)C2=CC(Cl)=CC=C2C1=O |a:1,5,12,27|",<rdkit.DataStructs.cDataStructs.ExplicitBitVect object at 0x0000029EE9EA3580>,7.5521145,0.6798748,6.2195597,8.884669
91,"C[C@H]1CN(C2=CN=CC3=CC=CC=C23)C(=O)[C@@]12CN(CCN1CCOC(C)(C)C1)C(=O)C1=CC=C(Cl)C=C12 |a:1,16|",<rdkit.DataStructs.cDataStructs.ExplicitBitVect object at 0x0000029EE9EA35F0>,7.0263305,0.6540645,5.744364,8.308297
92,"C[C@H]1COC[C@@H](C)N1CCN1C[C@@]2(C(=O)N(C3=CN=CC4=CC=CC=C34)C[C@@H]2C)C2=CC(Cl)=CC=C2C1=O |a:1,5,12,27|",<rdkit.DataStructs.cDataStructs.ExplicitBitVect object at 0x0000029EE9EA3660>,7.5521145,0.6798748,6.2195597,8.884669
93,"C[C@H]1CN(CCN2C[C@@]3(C(=O)N(C4=CN=CC5=CC=CC=C45)C[C@@H]3C)C3=CC(Cl)=CC=C3C2=O)CCO1 |a:1,8,23|",<rdkit.DataStructs.cDataStructs.ExplicitBitVect object at 0x0000029EE9EA36D0>,6.098316,0.5525189,5.015379,7.1812534
94,"CNC(=O)CN1C[C@@]2(C(=O)N(C3=CN=CC4=CC=CC=C34)C[C@@H]2COC2CCC2)C2=CC(Cl)=CC=C2C1=O |a:7,22|",<rdkit.DataStructs.cDataStructs.ExplicitBitVect object at 0x0000029EE9EA3740>,6.1519775,0.5746734,5.0256176,7.2783375
95,"C[C@@H]1CN(CCN2C[C@@]3(C(=O)N(C4=CN=CC5=CC=CC=C45)C[C@@H]3C)C3=CC(Cl)=CC=C3C2=O)[C@H](C)CO1 |a:1,8,23,34|",<rdkit.DataStructs.cDataStructs.ExplicitBitVect object at 0x0000029EE9EA37B0>,5.6779046,0.5015777,4.6948123,6.660997
96,"C[C@H]1CN(CCN2C[C@@]3(C(=O)N(C4=CN=CC5=CC=CC=C45)C[C@@H]3C)C3=CC(Cl)=CC=C3C2=O)[C@@H](C)CO1 |a:1,8,23,34|",<rdkit.DataStructs.cDataStructs.ExplicitBitVect object at 0x0000029EE9EA3820>,5.6779046,0.5015777,4.6948123,6.660997
97,"C[C@H]1CN(C2=CN=CC3=CC=CC=C23)C(=O)[C@@]12CN(CCN1CC(F)(F)C1)C(=O)C1=CC=C(Cl)C=C12 |a:1,16|",<rdkit.DataStructs.cDataStructs.ExplicitBitVect object at 0x0000029EE9EA3890>,6.655297,0.58249205,5.5136123,7.7969813
98,"C[C@H]1CN(CCN2C[C@@]3(C(=O)N(C4=CN=CC5=CC=CC=C45)C[C@@H]3C)C3=CC(Cl)=CC=C3C2=O)C[C@H](C)O1 |a:1,8,23,35|",<rdkit.DataStructs.cDataStructs.ExplicitBitVect object at 0x0000029EE9EA3900>,6.19121,0.5517432,5.109793,7.2726264
99,"C[C@H]1CN(C2=CN=CC3=CC=CC=C23)C(=O)[C@@]12CN(CCN1C[C@H]3CC[C@H](C1)O3)C(=O)C1=CC=C(Cl)C=C12 |a:1,16,&1:23,&2:26|",<rdkit.DataStructs.cDataStructs.ExplicitBitVect object at 0x0000029EE9EA3970>,7.0508785,0.63897735,5.798483,8.303274
100,"C[C@H]1CN(C2=CN=CC3=CC=CC=C23)C(=O)[C@@]12CN(CCN1C[C@@H]3COC[C@@H]3C1)C(=O)C1=CC=C(Cl)C=C12 |a:1,16,23,27|",<rdkit.DataStructs.cDataStructs.ExplicitBitVect object at 0x0000029EE9EA39E0>,6.7872453,0.6040198,5.6033664,7.971124
101,"C[C@H]1CN(C2=CN=CC3=CC=CC=C23)C(=O)[C@@]12CN(CCN1C[C@H]3C[C@@H]1CO3)C(=O)C1=CC=C(Cl)C=C12 |a:1,16,23,25|",<rdkit.DataStructs.cDataStructs.ExplicitBitVect object at 0x0000029EE9EA3A50>,7.5482273,0.69067824,6.194498,8.901957
102,"C[C@@H]1CN(CCN2C[C@@]3(C(=O)N(C4=CN=CC5=CC=CC=C45)C[C@@H]3C)C3=CC(Cl)=CC=C3C2=O)CCO1 |a:1,8,23|",<rdkit.DataStructs.cDataStructs.ExplicitBitVect object at 0x0000029EE9EA3AC0>,6.098316,0.5525189,5.015379,7.1812534
103,"C[C@@H]1CN(CCN2C[C@@]3(C(=O)N(C4=CN=CC5=CC=CC=C45)C[C@@H]3C)C3=CC(Cl)=CC=C3C2=O)C[C@@H](C)O1 |a:1,8,23,35|",<rdkit.DataStructs.cDataStructs.ExplicitBitVect object at 0x0000029EE9EA3B30>,6.19121,0.5517432,5.109793,7.2726264
104,"CNCCN1C[C@@]2(C(=O)N(C3=CN=CC4=CC=CC=C34)C[C@@H]2COCC2CC2)C2=CC(Cl)=CC=C2C1=O |a:6,21|",<rdkit.DataStructs.cDataStructs.ExplicitBitVect object at 0x0000029EE9EA3BA0>,5.8184876,0.53918815,4.7616787,6.8752966
105,"CNCCN1C[C@@]2(C(=O)N(C3=CN=CC4=CC=CC=C34)C[C@@H]2CS(=O)(=O)N(C)C)C2=CC(Cl)=CC=C2C1=O |a:6,21|",<rdkit.DataStructs.cDataStructs.ExplicitBitVect object at 0x0000029EE9EA3C10>,7.0336847,0.6453375,5.768823,8.298546
106,"C[C@H]1CN(C2=CN=CC3=CC=CC=C23)C(=O)[C@@]12CN(C1CCNCC1)C(=O)C1=CC=C(Cl)C=C12 |a:1,16|",<rdkit.DataStructs.cDataStructs.ExplicitBitVect object at 0x0000029EE9EA3C80>,5.2272944,0.4658587,4.3142114,6.1403775
107,"O=C1C2=CC=C(Cl)C=C2[C@@]2(CN1CC1COC1)C(=O)N(C1=CN=CC3=CC=CC=C13)C[C@@H]2CNC1=CC=NC=N1 |a:9,31|",<rdkit.DataStructs.cDataStructs.ExplicitBitVect object at 0x0000029EE9EA3CF0>,6.753931,0.57198226,5.632846,7.875016
108,"CC1=NN=C(CN2C[C@@]3(C(=O)N(C4=CN=CC5=CC=CC=C45)C[C@@H]3CNC3=CC=NC=N3)C3=CC(Cl)=CC=C3C2=O)O1 |a:8,23|",<rdkit.DataStructs.cDataStructs.ExplicitBitVect object at 0x0000029EE9EA3D60>,7.670112,0.69670796,6.3045645,9.03566
109,C=CC(=O)N1CCCC2=CC=C(N(CC3=CC=CC(Cl)=C3)C(=O)CC3=CN=CC4=CC=CC=C34)C=C21,<rdkit.DataStructs.cDataStructs.ExplicitBitVect object at 0x0000029EE9EA3DD0>,6.222026,0.5727693,5.099398,7.3446536
110,"CNC(=O)CN1C[C@@]2(C(=O)N(C3=CN=CC4=CC=CC=C34)C[C@@H]2N)C2=CC(Cl)=CC=C2C1=O |a:7,22|",<rdkit.DataStructs.cDataStructs.ExplicitBitVect object at 0x0000029EE9EA3E40>,5.7353206,0.5121876,4.731433,6.739208
111,"O=C1C2=CC=C(Cl)C=C2[C@@]2(CN1CC1=CC=NN=C1)C(=O)N(C1=CN=CC3=CC=CC=C13)C[C@@H]2CNC1=CC=NC=N1 |a:9,33|",<rdkit.DataStructs.cDataStructs.ExplicitBitVect object at 0x0000029EE9EA3EB0>,7.5362425,0.6869983,6.189726,8.882759
112,"CNC(=O)CN1C[C@@]2(C(=O)N(C3=CN=CC4=CC=CC=C34)C[C@@H]2COCC2CC2)C2=CC(Cl)=CC=C2C1=O |a:7,22|",<rdkit.DataStructs.cDataStructs.ExplicitBitVect object at 0x0000029EE9EA3F20>,5.2385883,0.48683345,4.2843947,6.192782
113,"C[C@H]1CN(C2=CN=CC3=CC=CC=C23)C(=O)[C@@]12CN(CCN1CCC1)C(=O)C1=CC=C(Cl)C=C12 |a:1,16|",<rdkit.DataStructs.cDataStructs.ExplicitBitVect object at 0x0000029EE9EA3F90>,5.7885528,0.52535665,4.758854,6.8182516
114,"CNC(=O)CN1C[C@@]2(C(=O)N(C3=CN=CC4=CC=CC=C34)C[C@@H]2NC(C)C)C2=CC(Cl)=CC=C2C1=O |a:7,22|",<rdkit.DataStructs.cDataStructs.ExplicitBitVect object at 0x0000029EE9E90040>,5.8527946,0.53984326,4.7947016,6.9108877
115,"C[C@H]1CN(CCN2C[C@@]3(C(=O)N(C4=CN=CC5=CC=CC=C45)C[C@@H]3C)C3=CC(Cl)=CC=C3C2=O)C[C@@H](C)O1 |a:1,8,23,35|",<rdkit.DataStructs.cDataStructs.ExplicitBitVect object at 0x0000029EE9E900B0>,6.19121,0.5517432,5.109793,7.2726264
116,"CNC(=O)CN1C[C@@]2(C(=O)N(C3=CN=CC4=CC=CC=C34)C[C@@H]2NC)C2=CC(Cl)=CC=C2C1=O |a:7,22|",<rdkit.DataStructs.cDataStructs.ExplicitBitVect object at 0x0000029EE9E90120>,5.2825584,0.48287383,4.336126,6.228991
117,"CNC(=O)CN1C[C@@]2(C(=O)N(C3=CN=CC4=CC=CC=C34)C[C@@H]2NS(C)(=O)=O)C2=CC(Cl)=CC=C2C1=O |a:7,22|",<rdkit.DataStructs.cDataStructs.ExplicitBitVect object at 0x0000029EE9E90190>,5.391547,0.504983,4.4017806,6.381314
118,"CNC(=O)CN1C[C@@]2(C(=O)N(C3=CN=CC4=CC=CC=C34)C[C@@H]2NCC2CC2)C2=CC(Cl)=CC=C2C1=O |a:7,22|",<rdkit.DataStructs.cDataStructs.ExplicitBitVect object at 0x0000029EE9E90200>,4.727954,0.43728703,3.8708713,5.5850363
119,"COC(=O)N[C@H](C(=O)N1C[C@H](C(F)(F)F)C[C@H]1C(=O)N[C@H](C#N)C[C@@H]1CCNC1=O)C(C)(C)C |a:5,10,16,24,o1:20|",<rdkit.DataStructs.cDataStructs.ExplicitBitVect object at 0x0000029EE9E90270>,5.3274455,0.46717805,4.4117765,6.2431145
120,"COC(=O)N[C@H](C(=O)N1C[C@H](C(F)(F)F)C[C@H]1C(=O)N[C@H](C#N)C[C@@H]1CCNC1=O)C(C)(C)C |a:5,10,16,24,o1:20|",<rdkit.DataStructs.cDataStructs.ExplicitBitVect object at 0x0000029EE9E902E0>,5.3274455,0.46717805,4.4117765,6.2431145
121,"O=C1C2=CC=C(Cl)C=C2[C@@]2(CN1CC1=NN=CO1)C(=O)N(C1=CN=CC3=CC=CC=C13)C[C@@H]2CNC1=NC=NC=N1 |a:9,32|",<rdkit.DataStructs.cDataStructs.ExplicitBitVect object at 0x0000029EE9E90350>,6.3539977,0.56913066,5.2385015,7.469494
122,"CCO[C@H]1CN(C2=CN=CC3=CC=CC=C23)C(=O)[C@@]12CN(CC(=O)NC)C(=O)C1=CC=C(Cl)C=C12 |&1:3,18|",<rdkit.DataStructs.cDataStructs.ExplicitBitVect object at 0x0000029EE9E903C0>,6.719683,0.62885904,5.4871197,7.9522467
123,"O=C1C2=CC=C(Cl)C=C2[C@@]2(CN1CC1=CC=NN=C1)C(=O)N(C1=CN=CC3=CC=CC=C13)C[C@@H]2CNC1=NN=CS1 |a:9,33|",<rdkit.DataStructs.cDataStructs.ExplicitBitVect object at 0x0000029EE9E90430>,6.767755,0.60630095,5.5794053,7.9561048
124,"CNC(=O)CN1C[C@]2(C(=O)N(C3=CN=CC4=CC=CC=C34)C[C@H]2OCC2CC2)C2=CC(Cl)=CC=C2C1=O |&1:7,22|",<rdkit.DataStructs.cDataStructs.ExplicitBitVect object at 0x0000029EE9E904A0>,5.522539,0.51625293,4.5106835,6.5343947
125,"COC(=O)N[C@H](C(=O)N1C[C@H](C(F)(F)F)C[C@H]1C(=O)N[C@H](C#N)C[C@@H]1CCNC1=O)C(C)(C)C |a:5,10,16,20,24|",<rdkit.DataStructs.cDataStructs.ExplicitBitVect object at 0x0000029EE9E90510>,5.3274455,0.46717805,4.4117765,6.2431145
126,"CNC(=O)CN1C[C@@]2(C(=O)N(C3=CN=CC4=CC=CC=C34)C[C@@H]2NC(C)=O)C2=CC(Cl)=CC=C2C1=O |a:7,22|",<rdkit.DataStructs.cDataStructs.ExplicitBitVect object at 0x0000029EE9E90580>,5.5252886,0.51291853,4.519968,6.530609
127,"CCS(=O)(=O)N[C@H]1CN(C2=CN=CC3=CC=CC=C23)C(=O)[C@@]12CN(CC(=O)NC)C(=O)C1=CC=C(Cl)C=C12 |a:6,21|",<rdkit.DataStructs.cDataStructs.ExplicitBitVect object at 0x0000029EE9E905F0>,5.767397,0.5321505,4.724382,6.810412
128,CC1=NN=C(SC2=CC(C3=CC=CC=C3)=NC3=NC=NN23)N1C,<rdkit.DataStructs.cDataStructs.ExplicitBitVect object at 0x0000029EE9E90660>,3.2657752,0.3179978,2.6424994,3.889051
129,CC1=NC2=NC=NN2C(SC2=NN=C(C3=CC=C(Cl)C=C3)N2C)=C1,<rdkit.DataStructs.cDataStructs.ExplicitBitVect object at 0x0000029EE9E906D0>,2.8840797,0.3034317,2.2893536,3.4788058
130,"O=C1C2=CC=C(Cl)C=C2[C@@]2(CN1CC1CNC1)C(=O)N(C1=CN=CC3=CC=CC=C13)C[C@@H]2CNC1=NC=CS1 |a:9,31|",<rdkit.DataStructs.cDataStructs.ExplicitBitVect object at 0x0000029EE9E90740>,5.7632723,0.5055918,4.772312,6.7542324
131,COC1=CC=C(N(CC2=CC=CC(Cl)=C2)C(=O)CC2=CC=CN=C2)C=C1,<rdkit.DataStructs.cDataStructs.ExplicitBitVect object at 0x0000029EE9E907B0>,4.944266,0.45852977,4.0455475,5.842984
132,C[C@H]1COCCN(C(=O)CC2=CN=CC3=CC=CC=C23)C1 |&1:1|,<rdkit.DataStructs.cDataStructs.ExplicitBitVect object at 0x0000029EE9E90820>,4.301775,0.4005063,3.5167828,5.086767
133,C[C@H]1CCCN1C(=O)CC1=CN=CC2=CC=CC=C12 |&1:1|,<rdkit.DataStructs.cDataStructs.ExplicitBitVect object at 0x0000029EE9E90890>,3.3284392,0.3104474,2.7199624,3.936916
134,O=C(CC1=CN=CC2=CC=CC=C12)N1CCOCC1,<rdkit.DataStructs.cDataStructs.ExplicitBitVect object at 0x0000029EE9E90900>,4.657119,0.4152524,3.843224,5.4710135
135,C[C@H]1COCCCN1C(=O)CC1=CN=CC2=CC=CC=C12 |&1:1|,<rdkit.DataStructs.cDataStructs.ExplicitBitVect object at 0x0000029EE9E90970>,4.14433,0.37809077,3.4032722,4.885388
136,C[C@H]1CCCCCN1C(=O)CC1=CN=CC2=CC=CC=C12 |&1:1|,<rdkit.DataStructs.cDataStructs.ExplicitBitVect object at 0x0000029EE9E909E0>,3.4212558,0.31541213,2.8030481,4.0394635
137,C[C@H]1CCCCN(C(=O)CC2=CN=CC3=CC=CC=C23)C1 |&1:1|,<rdkit.DataStructs.cDataStructs.ExplicitBitVect object at 0x0000029EE9E90A50>,4.210364,0.38403645,3.4576523,4.963075
138,O=C(CC1=CN=CC2=CC=CC=C12)N1CCC2=C(C1)N=CN2,<rdkit.DataStructs.cDataStructs.ExplicitBitVect object at 0x0000029EE9E90AC0>,4.784687,0.44428933,3.9138799,5.655494
139,O=C(CC1=CN=CC2=CC=CC=C12)N1CCC2=C(C=CS2)C1,<rdkit.DataStructs.cDataStructs.ExplicitBitVect object at 0x0000029EE9E90B30>,4.851581,0.4419259,3.9854064,5.717756
140,C[C@H]1COCCN1C(=O)CC1=CN=CC2=CC=CC=C12 |&1:1|,<rdkit.DataStructs.cDataStructs.ExplicitBitVect object at 0x0000029EE9E90BA0>,4.0072865,0.37459394,3.2730825,4.741491
141,C[C@H]1CCCN(C(=O)CC2=CN=CC3=CC=CC=C23)CC1 |&1:1|,<rdkit.DataStructs.cDataStructs.ExplicitBitVect object at 0x0000029EE9E90C10>,4.382573,0.4110503,3.5769145,5.1882315
142,O=C(CC1=CN=CC2=CC=CC=C12)N1CCCCCC1,<rdkit.DataStructs.cDataStructs.ExplicitBitVect object at 0x0000029EE9E90C80>,3.9102316,0.36181828,3.2010677,4.6193953
143,COC1=CC=C(N(CC2=CC=CC(Cl)=C2)C(=O)CC2=CN=CC(C)=C2)C=C1,<rdkit.DataStructs.cDataStructs.ExplicitBitVect object at 0x0000029EE9E90CF0>,5.369604,0.47603345,4.4365788,6.3026295
144,O=C(CC1=CN=CC2=CC=CC=C12)N(CC1=CC=CC(Cl)=C1)C1=CC=C2C=CNC2=C1,<rdkit.DataStructs.cDataStructs.ExplicitBitVect object at 0x0000029EE9E90D60>,5.499102,0.5076368,4.504134,6.49407
145,C[C@H]1CCCN(C(=O)CC2=CN=CC3=CC=CC=C23)C1 |&1:1|,<rdkit.DataStructs.cDataStructs.ExplicitBitVect object at 0x0000029EE9E90DD0>,4.19479,0.37970987,3.4505587,4.939021
146,C[C@H]1CCCCN1C(=O)CC1=CN=CC2=CC=CC=C12 |&1:1|,<rdkit.DataStructs.cDataStructs.ExplicitBitVect object at 0x0000029EE9E90E40>,3.32531,0.30423605,2.7290072,3.9216127
147,C[C@H]1CN(C(=O)CC2=CN=CC3=CC=CC=C23)CCO1 |&1:1|,<rdkit.DataStructs.cDataStructs.ExplicitBitVect object at 0x0000029EE9E90EB0>,3.8026319,0.361708,3.0936842,4.5115795
148,O=C(CC1=CN=CC2=CC=CC=C12)N1CCC1,<rdkit.DataStructs.cDataStructs.ExplicitBitVect object at 0x0000029EE9E90F20>,3.684818,0.3266738,3.0445373,4.3250985
149,O=C(CC1=CN=CC2=CC=CC=C12)N1CCN2N=CC=C2C1,<rdkit.DataStructs.cDataStructs.ExplicitBitVect object at 0x0000029EE9E90F90>,4.7645054,0.39032513,3.999468,5.5295424
150,CC1=NC2=CC=C(N(CC3=CC=CC(Cl)=C3)C(=O)CC3=CN=CC4=CC=CC=C34)C=C2N1,<rdkit.DataStructs.cDataStructs.ExplicitBitVect object at 0x0000029EE9E8E040>,5.878725,0.5598362,4.781446,6.976004
151,C[C@H]1C2=C(CCN1C(=O)CC1=CN=CC3=CC=CC=C13)SC=C2 |o1:1|,<rdkit.DataStructs.cDataStructs.ExplicitBitVect object at 0x0000029EE9E8E0B0>,4.8971515,0.45262772,4.010001,5.7843018
152,C[C@H]1C2=C(CCN1C(=O)CC1=CN=CC3=CC=CC=C13)SC=C2 |o1:1|,<rdkit.DataStructs.cDataStructs.ExplicitBitVect object at 0x0000029EE9E8E120>,4.8971515,0.45262772,4.010001,5.7843018
153,O=C(CC1=CN=CC2=CC=CC=C12)N1CCC2=C(Cl)C=CC=C2C1,<rdkit.DataStructs.cDataStructs.ExplicitBitVect object at 0x0000029EE9E8E190>,4.912692,0.44977778,4.0311275,5.7942567
154,C[C@H]1CCN(C(=O)CC2=CN=CC3=CC=CC=C23)C1 |&1:1|,<rdkit.DataStructs.cDataStructs.ExplicitBitVect object at 0x0000029EE9E8E200>,4.5465117,0.40522313,3.7522743,5.340749
155,C[C@H]1CCN1C(=O)CC1=CN=CC2=CC=CC=C12 |&1:1|,<rdkit.DataStructs.cDataStructs.ExplicitBitVect object at 0x0000029EE9E8E270>,3.5201905,0.3204678,2.8920736,4.1483073
156,COC1=CC=C(N(CC2=CC=CC(Cl)=C2)C(=O)CC2=CN=CC=C2C)C=C1,<rdkit.DataStructs.cDataStructs.ExplicitBitVect object at 0x0000029EE9E8E2E0>,5.4163027,0.5234563,4.3903284,6.442277
157,O=C(CC1=CN=CC2=CC=CC=C12)N1CCCN2N=CC=C2C1,<rdkit.DataStructs.cDataStructs.ExplicitBitVect object at 0x0000029EE9E8E350>,4.344906,0.36066094,3.6380105,5.051801
158,CC[C@H]1C2=C(CCN1C(=O)CC1=CN=CC3=CC=CC=C13)SC=C2 |o1:2|,<rdkit.DataStructs.cDataStructs.ExplicitBitVect object at 0x0000029EE9E8E3C0>,5.6401167,0.5042216,4.651842,6.6283913
159,CC[C@H]1C2=C(CCN1C(=O)CC1=CN=CC3=CC=CC=C13)SC=C2 |o1:2|,<rdkit.DataStructs.cDataStructs.ExplicitBitVect object at 0x0000029EE9E8E430>,5.6401167,0.5042216,4.651842,6.6283913
160,O=C(CC1=CN=CC2=CC=CC=C12)N1CCCC1,<rdkit.DataStructs.cDataStructs.ExplicitBitVect object at 0x0000029EE9E8E4A0>,3.782423,0.34183544,3.1124256,4.45242
161,O=C(CC1=CN=CC2=CC=CC=C12)N1CCCOCC1,<rdkit.DataStructs.cDataStructs.ExplicitBitVect object at 0x0000029EE9E8E510>,4.68389,0.41452312,3.8714244,5.496355
162,CC1=NC2=C(CCN(C(=O)CC3=CN=CC4=CC=CC=C34)C2)N1C,<rdkit.DataStructs.cDataStructs.ExplicitBitVect object at 0x0000029EE9E8E580>,4.1337285,0.39840835,3.352848,4.914609
163,CN1C=NC2=C1CCN(C(=O)CC1=CN=CC3=CC=CC=C13)C2,<rdkit.DataStructs.cDataStructs.ExplicitBitVect object at 0x0000029EE9E8E5F0>,4.6040735,0.40848473,3.8034434,5.4047036
164,CC1CCN(C(=O)CC2=CN=CC3=CC=CC=C23)CC1,<rdkit.DataStructs.cDataStructs.ExplicitBitVect object at 0x0000029EE9E8E660>,4.5171704,0.4123121,3.7090387,5.325302
165,CC1CN(C(=O)CC2=CN=CC3=CC=CC=C23)C1,<rdkit.DataStructs.cDataStructs.ExplicitBitVect object at 0x0000029EE9E8E6D0>,4.1637664,0.3576975,3.4626794,4.8648534
166,O=C(CC1=CN=CC2=CC=CC=C12)N1CCCCC1,<rdkit.DataStructs.cDataStructs.ExplicitBitVect object at 0x0000029EE9E8E740>,3.9102316,0.36181828,3.2010677,4.6193953
167,C[C@H]1CCN(C(=O)CC2=CN=CC3=CC=CC=C23)CCO1 |&1:1|,<rdkit.DataStructs.cDataStructs.ExplicitBitVect object at 0x0000029EE9E8E7B0>,3.9363825,0.37975892,3.192055,4.68071
168,C[C@H]1CN(C(=O)CC2=CN=CC3=CC=CC=C23)CCCO1 |&1:1|,<rdkit.DataStructs.cDataStructs.ExplicitBitVect object at 0x0000029EE9E8E820>,3.4791303,0.33097714,2.830415,4.1278453
169,C[C@H]1CCOCCN1C(=O)CC1=CN=CC2=CC=CC=C12 |&1:1|,<rdkit.DataStructs.cDataStructs.ExplicitBitVect object at 0x0000029EE9E8E890>,3.9957163,0.3692779,3.2719316,4.719501
170,O=C(CC1=CN=CC2=CC=CC=C12)N(CC1=CC=CC(Cl)=C1)C1=CC=C2N=CNC2=C1,<rdkit.DataStructs.cDataStructs.ExplicitBitVect object at 0x0000029EE9E8E900>,5.286735,0.49942338,4.307865,6.265605
171,CC(C)CC1(C)CCN(C(=O)CC2=CN=CC3=CC=CC=C23)CC1,<rdkit.DataStructs.cDataStructs.ExplicitBitVect object at 0x0000029EE9E8E970>,4.282366,0.3877463,3.522383,5.0423484
172,CC(F)(F)C1CCN(C(=O)CC2=CN=CC3=CC=CC=C23)CC1,<rdkit.DataStructs.cDataStructs.ExplicitBitVect object at 0x0000029EE9E8E9E0>,5.364981,0.4578144,4.4676647,6.2622976
173,O=C(CC1=CN=CC2=CC=CC=C12)N1CCC(C(F)F)CC1,<rdkit.DataStructs.cDataStructs.ExplicitBitVect object at 0x0000029EE9E8EA50>,4.087655,0.36910996,3.3641996,4.8111105
174,"CC1=NC=CC(CN2C[C@@]3(C(=O)N(C4=CN=CC5=CC=CC=C45)C[C@@H]3CNC3=NN=CS3)C3=CC(Cl)=CC=C3C2=O)=N1 |a:9,24|",<rdkit.DataStructs.cDataStructs.ExplicitBitVect object at 0x0000029EE9E8EAC0>,6.40404,0.56061834,5.3052278,7.502852
175,CC(C)C1CCN(C(=O)CC2=CN=CC3=CC=CC=C23)CC1,<rdkit.DataStructs.cDataStructs.ExplicitBitVect object at 0x0000029EE9E8EB30>,5.070255,0.47576922,4.1377473,6.0027623
176,"C[C@H]1C[C@@H](C)N(C(=O)CC2=CN=CC3=CC=CC=C23)[C@@H](C)C1 |a:1,3,19|",<rdkit.DataStructs.cDataStructs.ExplicitBitVect object at 0x0000029EE9E8EBA0>,4.517358,0.38600782,3.7607825,5.2739334
177,"CC1=NC=CC(CN2C[C@@]3(C(=O)N(C4=CN=CC5=CC=CC=C45)C[C@@H]3CNC3=NN=C(C)O3)C3=CC(Cl)=CC=C3C2=O)=N1 |a:9,24|",<rdkit.DataStructs.cDataStructs.ExplicitBitVect object at 0x0000029EE9E8EC10>,6.7553825,0.592819,5.593457,7.917308
178,CCC1CCN(C(=O)CC2=CN=CC3=CC=CC=C23)CC1,<rdkit.DataStructs.cDataStructs.ExplicitBitVect object at 0x0000029EE9E8EC80>,3.975984,0.34566402,3.2984827,4.653486
179,"CC1=NC=CC(CN2C[C@@]3(C(=O)N(C4=CN=CC5=CC=CC=C45)C[C@@H]3CNC3=NN=CO3)C3=CC(Cl)=CC=C3C2=O)=N1 |a:9,24|",<rdkit.DataStructs.cDataStructs.ExplicitBitVect object at 0x0000029EE9E8ECF0>,7.2323637,0.65592426,5.946752,8.517975
180,CC1(C)CCN(C(=O)CC2=CN=CC3=CC=CC=C23)CC1,<rdkit.DataStructs.cDataStructs.ExplicitBitVect object at 0x0000029EE9E8ED60>,4.170752,0.36104563,3.4631026,4.8784018
181,"C[C@@H]1CCN(C(=O)CC2=CN=CC3=CC=CC=C23)[C@H](C)C1 |a:1,18|",<rdkit.DataStructs.cDataStructs.ExplicitBitVect object at 0x0000029EE9E8EDD0>,4.5437527,0.39241138,3.7746263,5.312879
182,"CC1=NC=CC(CN2C[C@@]3(C(=O)N(C4=CN=CC5=CC=CC=C45)C[C@@H]3CNC3=NN=C(C(F)(F)F)O3)C3=CC(Cl)=CC=C3C2=O)=N1 |a:9,24|",<rdkit.DataStructs.cDataStructs.ExplicitBitVect object at 0x0000029EE9E8EE40>,6.4254584,0.5701794,5.3079066,7.54301
183,O=C(CC1=CN=CC2=CC=CC=C12)N1CCC(C(F)(F)F)CC1,<rdkit.DataStructs.cDataStructs.ExplicitBitVect object at 0x0000029EE9E8EEB0>,5.587714,0.4891291,4.629021,6.546407
184,"O=C1C2=CC=C(Cl)C=C2[C@@]2(CN1CC1=NNC=C1)C(=O)N(C1=CN=CC3=CC=CC=C13)C[C@@H]2CNC1=NN=CS1 |a:9,32|",<rdkit.DataStructs.cDataStructs.ExplicitBitVect object at 0x0000029EE9E8EF20>,6.8778048,0.6009948,5.699855,8.055755
185,"O=C1C2=CC=C(Cl)C=C2[C@@]2(CN1CC1=NNC=C1)C(=O)N(C1=CN=CC3=CC=CC=C13)C[C@@H]2CNC1=NN=C(C(F)(F)F)O1 |a:9,32|",<rdkit.DataStructs.cDataStructs.ExplicitBitVect object at 0x0000029EE9E8EF90>,6.9184575,0.6246564,5.694131,8.142784
186,COCC1CCN(C(=O)CC2=CN=CC3=CC=CC=C23)CC1,<rdkit.DataStructs.cDataStructs.ExplicitBitVect object at 0x0000029EEB775040>,3.7074358,0.33613947,3.0486026,4.366269
187,CC(C)C1(F)CCN(C(=O)CC2=CN=CC3=CC=CC=C23)CC1,<rdkit.DataStructs.cDataStructs.ExplicitBitVect object at 0x0000029EEB7750B0>,5.0067534,0.44352442,4.1374454,5.8760614
188,"CCC1=CC=C([C@H]2C[C@H](C)CCN2C(=O)CC2=CN=CC3=CC=CC=C23)O1 |o1:6,8|",<rdkit.DataStructs.cDataStructs.ExplicitBitVect object at 0x0000029EEB775120>,5.6770625,0.50109875,4.694909,6.659216
189,CC1=CN=CC(CC(=O)N2CCC3=C(C=CS3)C2)=C1,<rdkit.DataStructs.cDataStructs.ExplicitBitVect object at 0x0000029EEB775190>,4.5857544,0.41384527,3.7746177,5.396891
190,O=C(CC1=CN=CC2=CC=CC=C12)N1CCC2=C(C1)N=CS2,<rdkit.DataStructs.cDataStructs.ExplicitBitVect object at 0x0000029EEB775200>,4.5902853,0.43496135,3.737761,5.4428096
191,CC(C)C1(C)CCN(C(=O)CC2=CN=CC3=CC=CC=C23)CC1,<rdkit.DataStructs.cDataStructs.ExplicitBitVect object at 0x0000029EEB775270>,5.7332697,0.49232844,4.768306,6.6982336
192,O=C(CC1=CN=CC2=CC=CC=C12)N1CCC2=C(C=CS2)C12CCC2,<rdkit.DataStructs.cDataStructs.ExplicitBitVect object at 0x0000029EEB7752E0>,5.5096,0.49129495,4.546662,6.4725385
193,CC1(CC(F)(F)F)CCN(C(=O)CC2=CN=CC3=CC=CC=C23)CC1,<rdkit.DataStructs.cDataStructs.ExplicitBitVect object at 0x0000029EEB775350>,5.9599824,0.50060374,4.978799,6.941166
194,CC(C)[C@H]1C2=C(CCN1C(=O)CC1=CN=CC3=CC=CC=C13)SC=C2 |o1:3|,<rdkit.DataStructs.cDataStructs.ExplicitBitVect object at 0x0000029EEB7753C0>,6.3032684,0.5852909,5.1560984,7.4504385
195,"CC(C)CNS(=O)(=O)OCC(=O)N1CCN(CC2=CC=CC(Cl)=C2)[C@H]2CS(=O)(=O)C[C@H]21 |&1:24,30|",<rdkit.DataStructs.cDataStructs.ExplicitBitVect object at 0x0000029EEB775430>,6.6066976,0.62743276,5.3769293,7.836466
196,CC(C)CC1(C(F)(F)F)CCN(C(=O)CC2=CN=CC3=CC=CC=C23)CC1,<rdkit.DataStructs.cDataStructs.ExplicitBitVect object at 0x0000029EEB7754A0>,4.232509,0.37377363,3.4999127,4.9651055
197,"CC(C)NS(=O)(=O)OCC(=O)N1CCN(CC2=CC=CC(Cl)=C2)[C@H]2CS(=O)(=O)C[C@H]21 |&1:23,29|",<rdkit.DataStructs.cDataStructs.ExplicitBitVect object at 0x0000029EEB775510>,4.7475877,0.47078452,3.82485,5.6703253
198,CNC(=O)C[C@H]1CCCN(C(=O)CC2=CN=CC3=CC=CC=C23)C1 |a:5|,<rdkit.DataStructs.cDataStructs.ExplicitBitVect object at 0x0000029EEB775580>,4.0788045,0.38087592,3.3322878,4.825321
199,COC[C@H]1C2=C(CCN1C(=O)CC1=CN=CC3=CC=CC=C13)SC=C2 |o1:3|,<rdkit.DataStructs.cDataStructs.ExplicitBitVect object at 0x0000029EEB7755F0>,5.8420863,0.51120114,4.8401318,6.844041
200,COC[C@H]1C2=C(CCN1C(=O)CC1=CN=CC3=CC=CC=C13)SC=C2 |o1:3|,<rdkit.DataStructs.cDataStructs.ExplicitBitVect object at 0x0000029EEB775660>,5.842085,0.51120126,4.8401303,6.8440394
201,"CCNS(=O)(=O)OCC(=O)N1CCN(CC2=CC=CC(Cl)=C2)[C@H]2CS(=O)(=O)C[C@H]21 |&1:22,28|",<rdkit.DataStructs.cDataStructs.ExplicitBitVect object at 0x0000029EEB7756D0>,3.7993512,0.356009,3.1015735,4.497129
202,"O=C(CC1=CN=CC2=CC=CC=C12)N1CC[C@@H]2CCCC[C@@H]2C1 |a:16,21|",<rdkit.DataStructs.cDataStructs.ExplicitBitVect object at 0x0000029EEB775740>,5.306224,0.50723964,4.312034,6.3004136
203,O=C(O)C[C@@H]1CCCN(C(=O)CC2=CN=CC3=CC=CC=C23)C1 |a:4|,<rdkit.DataStructs.cDataStructs.ExplicitBitVect object at 0x0000029EEB7757B0>,3.465512,0.3124802,2.8530507,4.0779734
204,NC(=O)O[C@@H]1CCCN(C(=O)CC2=CN=CC3=CC=CC=C23)C1 |a:4|,<rdkit.DataStructs.cDataStructs.ExplicitBitVect object at 0x0000029EEB775820>,4.405356,0.40290588,3.6156604,5.1950517
205,COC(=O)[C@@H]1CCCN(C(=O)CC2=CN=CC3=CC=CC=C23)C1 |a:4|,<rdkit.DataStructs.cDataStructs.ExplicitBitVect object at 0x0000029EEB775890>,4.28874,0.39191622,3.5205843,5.056896
206,O=C(O)C[C@H]1CCCCN1C(=O)CC1=CN=CC2=CC=CC=C12 |a:4|,<rdkit.DataStructs.cDataStructs.ExplicitBitVect object at 0x0000029EEB775900>,3.4183831,0.30254233,2.8254,4.011366
207,CN(C)C(=O)[C@H]1CCCN(C(=O)CC2=CN=CC3=CC=CC=C23)C1 |a:5|,<rdkit.DataStructs.cDataStructs.ExplicitBitVect object at 0x0000029EEB775970>,3.7757049,0.3574637,3.075076,4.4763336
208,COC(=O)[C@H]1CCCN(C(=O)CC2=CN=CC3=CC=CC=C23)C1 |a:4|,<rdkit.DataStructs.cDataStructs.ExplicitBitVect object at 0x0000029EEB7759E0>,4.28874,0.39191622,3.5205843,5.056896
209,CNC(=O)C[C@@H]1CCCCN1C(=O)CC1=CN=CC2=CC=CC=C12 |a:5|,<rdkit.DataStructs.cDataStructs.ExplicitBitVect object at 0x0000029EEB775A50>,3.7340238,0.35227463,3.0435655,4.4244823
210,CN(C)C(=O)CN(CC1=CC=CC(Cl)=C1)C(=O)CC1=CN=CC2=CC=CC=C12,<rdkit.DataStructs.cDataStructs.ExplicitBitVect object at 0x0000029EEB775AC0>,5.096283,0.45087525,4.2125673,5.9799986
211,CNC(=O)[C@@H]1CCCN(C(=O)CC2=CN=CC3=CC=CC=C23)C1 |a:4|,<rdkit.DataStructs.cDataStructs.ExplicitBitVect object at 0x0000029EEB775B30>,3.9757602,0.38747308,3.216313,4.7352076
212,CC(C)[C@H]1CCCN(C(=O)CC2=CN=CC3=CC=CC=C23)C1 |o1:3|,<rdkit.DataStructs.cDataStructs.ExplicitBitVect object at 0x0000029EEB775BA0>,5.125249,0.46226683,4.219206,6.031292
213,CC(C)[C@H]1CCCN(C(=O)CC2=CN=CC3=CC=CC=C23)C1 |o1:3|,<rdkit.DataStructs.cDataStructs.ExplicitBitVect object at 0x0000029EEB775C10>,5.125249,0.46226683,4.219206,6.031292
214,C[C@H](C(=O)N1CCC2=C(C=CS2)C1)C1=CN=CC2=CC=CC=C12 |o1:1|,<rdkit.DataStructs.cDataStructs.ExplicitBitVect object at 0x0000029EEB775C80>,3.8627403,0.36457664,3.14817,4.5773106
215,C[C@H](C(=O)N1CCC2=C(C=CS2)C1)C1=CN=CC2=CC=CC=C12 |o1:1|,<rdkit.DataStructs.cDataStructs.ExplicitBitVect object at 0x0000029EEB775CF0>,3.8627403,0.36457664,3.14817,4.5773106
216,C[C@H]1C2=CC=CN=C2CCN1C(=O)CC1=CN=CC2=CC=CC=C12 |o1:1|,<rdkit.DataStructs.cDataStructs.ExplicitBitVect object at 0x0000029EEB775D60>,4.0737333,0.3725709,3.3434944,4.8039722
217,C[C@H]1C2=CC=CN=C2CCN1C(=O)CC1=CN=CC2=CC=CC=C12 |o1:1|,<rdkit.DataStructs.cDataStructs.ExplicitBitVect object at 0x0000029EEB775DD0>,4.0737333,0.3725709,3.3434944,4.8039722
218,"C[C@H]1C[C@H](C(C)(F)F)CCN1C(=O)CC1=CN=CC2=CC=CC=C12 |&1:1,3|",<rdkit.DataStructs.cDataStructs.ExplicitBitVect object at 0x0000029EEB775E40>,4.933953,0.40463537,4.140867,5.7270384
219,C=CC[C@H]1CCCN(C(=O)CC2=CN=CC3=CC=CC=C23)C1 |o1:3|,<rdkit.DataStructs.cDataStructs.ExplicitBitVect object at 0x0000029EEB775EB0>,4.453071,0.40839645,3.652614,5.253528
220,C=CC[C@H]1CCCN(C(=O)CC2=CN=CC3=CC=CC=C23)C1 |o1:3|,<rdkit.DataStructs.cDataStructs.ExplicitBitVect object at 0x0000029EEB775F20>,4.453071,0.40839645,3.652614,5.253528
221,CC[C@H]1CCCN(C(=O)CC2=CN=CC3=CC=CC=C23)C1 |o1:2|,<rdkit.DataStructs.cDataStructs.ExplicitBitVect object at 0x0000029EEB775F90>,3.8546774,0.3462473,3.1760328,4.5333223
222,CC[C@H]1CCCN(C(=O)CC2=CN=CC3=CC=CC=C23)C1 |o1:2|,<rdkit.DataStructs.cDataStructs.ExplicitBitVect object at 0x0000029EEB779040>,3.8546774,0.3462473,3.1760328,4.5333223
223,O=C(O)C[C@@H]1CCCCN1C(=O)CC1=CN=CC2=CC=CC=C12 |a:4|,<rdkit.DataStructs.cDataStructs.ExplicitBitVect object at 0x0000029EEB7790B0>,3.4183831,0.30254233,2.8254,4.011366
224,NC(=O)[C@@H]1CCCN(C(=O)CC2=CN=CC3=CC=CC=C23)C1 |a:3|,<rdkit.DataStructs.cDataStructs.ExplicitBitVect object at 0x0000029EEB779120>,3.8300886,0.35312772,3.1379583,4.5222187
225,CC(C)(O)[C@H]1CCCN(C(=O)CC2=CN=CC3=CC=CC=C23)C1 |o1:4|,<rdkit.DataStructs.cDataStructs.ExplicitBitVect object at 0x0000029EEB779190>,4.4543495,0.3866334,3.696548,5.212151
226,O=C(CC1=CN=CC2=CC=CC=C12)N1CCC2=C(C=CS2)[C@H]1C1=CC=CC=C1 |o1:21|,<rdkit.DataStructs.cDataStructs.ExplicitBitVect object at 0x0000029EEB779200>,5.021111,0.448543,4.141967,5.900255
227,O=C(CC1=CN=CC2=CC=CC=C12)N1CCC2=C(C=CS2)[C@H]1C1=CC=CC=C1 |o1:21|,<rdkit.DataStructs.cDataStructs.ExplicitBitVect object at 0x0000029EEB779270>,5.021111,0.448543,4.141967,5.900255
228,CC(C)C1=CC=C([C@H]2CCCCN2C(=O)CC2=CN=CC3=CC=CC=C23)C=C1 |&1:7|,<rdkit.DataStructs.cDataStructs.ExplicitBitVect object at 0x0000029EEB7792E0>,4.4981084,0.42873055,3.6577964,5.3384204
229,COC[C@H]1CCCCN1C(=O)CC1=CN=CC2=CC=CC=C12 |o1:3|,<rdkit.DataStructs.cDataStructs.ExplicitBitVect object at 0x0000029EEB779350>,4.427787,0.39210558,3.6592598,5.196314
230,COC[C@H]1CCCCN1C(=O)CC1=CN=CC2=CC=CC=C12 |o1:3|,<rdkit.DataStructs.cDataStructs.ExplicitBitVect object at 0x0000029EEB7793C0>,4.427787,0.39210558,3.6592598,5.196314
231,O=C(CC1=CN=CC2=CC=CC=C12)N1CCC[C@H](CF)C1 |o1:17|,<rdkit.DataStructs.cDataStructs.ExplicitBitVect object at 0x0000029EEB779430>,4.3042955,0.39356747,3.5329032,5.075688
232,O=C(CC1=CN=CC2=CC=CC=C12)N1CCC[C@H](CF)C1 |o1:17|,<rdkit.DataStructs.cDataStructs.ExplicitBitVect object at 0x0000029EEB7794A0>,4.3042955,0.39356747,3.5329032,5.075688
233,CCC1=NOC([C@H]2CCCCN2C(=O)CC2=CN=CC3=CC=CC=C23)=C1 |&1:6|,<rdkit.DataStructs.cDataStructs.ExplicitBitVect object at 0x0000029EEB779510>,4.2335005,0.38657284,3.4758177,4.9911833
234,COCC1(CC2CC2)CCN(C(=O)CC2=CN=CC3=CC=CC=C23)CC1,<rdkit.DataStructs.cDataStructs.ExplicitBitVect object at 0x0000029EEB779580>,3.617887,0.33340666,2.9644098,4.271364
235,CC1=CC=CC([C@H]2CCCCN2C(=O)CC2=CN=CC3=CC=CC=C23)=C1C |&1:6|,<rdkit.DataStructs.cDataStructs.ExplicitBitVect object at 0x0000029EEB7795F0>,4.511811,0.42459118,3.6796122,5.3440094
236,COC[C@H]1CCCN(C(=O)CC2=CN=CC3=CC=CC=C23)C1 |o1:3|,<rdkit.DataStructs.cDataStructs.ExplicitBitVect object at 0x0000029EEB779660>,4.2038713,0.38166907,3.4557998,4.9519424
237,COC[C@H]1CCCN(C(=O)CC2=CN=CC3=CC=CC=C23)C1 |o1:3|,<rdkit.DataStructs.cDataStructs.ExplicitBitVect object at 0x0000029EEB7796D0>,4.2038713,0.38166907,3.4557998,4.9519424
238,COCC1=CC=CC([C@H]2CCCCN2C(=O)CC2=CN=CC3=CC=CC=C23)=C1 |&1:8|,<rdkit.DataStructs.cDataStructs.ExplicitBitVect object at 0x0000029EEB779740>,4.461881,0.41164184,3.6550632,5.268699
239,C#CC1=CC=C([C@H]2CCCCN2C(=O)CC2=CN=CC3=CC=CC=C23)C=C1 |&1:6|,<rdkit.DataStructs.cDataStructs.ExplicitBitVect object at 0x0000029EEB7797B0>,3.912759,0.36975372,3.1880417,4.6374764
240,O=C(CC1=CN=CC2=CC=CC=C12)N1CCCC[C@H]1C1=CC=CC=C1F |&1:18|,<rdkit.DataStructs.cDataStructs.ExplicitBitVect object at 0x0000029EEB779820>,4.7378516,0.42757326,3.899808,5.5758953
241,O=C(CC1=CN=CC2=CC=CC=C12)N1CCC[C@H](CCF)C1 |o1:17|,<rdkit.DataStructs.cDataStructs.ExplicitBitVect object at 0x0000029EEB779890>,4.2728524,0.37741348,3.533122,5.012583
242,O=C(CC1=CN=CC2=CC=CC=C12)N1CCC[C@H](CCF)C1 |o1:17|,<rdkit.DataStructs.cDataStructs.ExplicitBitVect object at 0x0000029EEB779900>,4.2728524,0.37741348,3.533122,5.012583
243,O=C(CC1=CN=CC2=CC=CC=C12)N1CCCC[C@H]1C1=CC=C(F)C=C1F |&1:18|,<rdkit.DataStructs.cDataStructs.ExplicitBitVect object at 0x0000029EEB779970>,4.526588,0.416948,3.70937,5.3438063
244,CC1=NOC([C@H]2CCCCN2C(=O)CC2=CN=CC3=CC=CC=C23)=C1 |&1:5|,<rdkit.DataStructs.cDataStructs.ExplicitBitVect object at 0x0000029EEB7799E0>,4.2089543,0.38450357,3.4553273,4.962581
245,COC1=CC=CC=C1[C@H]1CCCCN1C(=O)CC1=CN=CC2=CC=CC=C12 |&1:8|,<rdkit.DataStructs.cDataStructs.ExplicitBitVect object at 0x0000029EEB779A50>,5.2141814,0.4778493,4.277597,6.150766
246,CN1C=NC=C1[C@H]1CCCCN1C(=O)CC1=CN=CC2=CC=CC=C12 |&1:6|,<rdkit.DataStructs.cDataStructs.ExplicitBitVect object at 0x0000029EEB779AC0>,3.6846108,0.35494444,2.9889197,4.380302
247,O=C(CC1=CN=CC2=CC=CC=C12)N1CCCC[C@H]1C1=NN=CN1 |&1:18|,<rdkit.DataStructs.cDataStructs.ExplicitBitVect object at 0x0000029EEB779B30>,3.7877874,0.35762006,3.086852,4.488723
248,CN1C=CC=C1[C@H]1CCCCN1C(=O)CC1=CN=CC2=CC=CC=C12 |&1:6|,<rdkit.DataStructs.cDataStructs.ExplicitBitVect object at 0x0000029EEB779BA0>,3.8102515,0.358441,3.107707,4.512796
249,O=C(CC1=CN=CC2=CC=CC=C12)N1CCCC[C@H]1C1=NC=CS1 |&1:18|,<rdkit.DataStructs.cDataStructs.ExplicitBitVect object at 0x0000029EEB779C10>,3.9425907,0.36301875,3.2310739,4.6541076
250,O=C(CC1=CN=CC2=CC=CC=C12)N1CCCC[C@H]1C1=CC(Cl)=CC=C1F |&1:18|,<rdkit.DataStructs.cDataStructs.ExplicitBitVect object at 0x0000029EEB779C80>,5.4131017,0.501114,4.430918,6.395285
251,CC(C)CC[C@H]1CCCCN1C(=O)CC1=CN=CC2=CC=CC=C12 |o1:5|,<rdkit.DataStructs.cDataStructs.ExplicitBitVect object at 0x0000029EEB779CF0>,4.216836,0.3735545,3.4846692,4.9490027
252,CC(C)CC[C@H]1CCCCN1C(=O)CC1=CN=CC2=CC=CC=C12 |o1:5|,<rdkit.DataStructs.cDataStructs.ExplicitBitVect object at 0x0000029EEB779D60>,4.216836,0.3735545,3.4846692,4.9490027
253,"C[C@H]1C[C@H](C)CN(C(=O)CC2=CN=CC3=CC=CC=C23)C1 |a:1,3|",<rdkit.DataStructs.cDataStructs.ExplicitBitVect object at 0x0000029EEB779DD0>,4.2128015,0.36271116,3.5018876,4.9237156
254,CC(C)[C@]1(O)CCCN(C(=O)CC2=CN=CC3=CC=CC=C23)C1 |&1:3|,<rdkit.DataStructs.cDataStructs.ExplicitBitVect object at 0x0000029EEB779E40>,4.5504208,0.40858272,3.7495985,5.351243
255,COC1=CC=C([C@H]2CCCCN2C(=O)CC2=CN=CC3=CC=CC=C23)C=C1F |&1:6|,<rdkit.DataStructs.cDataStructs.ExplicitBitVect object at 0x0000029EEB779EB0>,5.5571203,0.52622294,4.5257235,6.588517
256,COC1=CC=CC=C1[C@H]1CC(C)(C)CCN1C(=O)CC1=CN=CC2=CC=CC=C12 |&1:8|,<rdkit.DataStructs.cDataStructs.ExplicitBitVect object at 0x0000029EEB779F20>,4.843672,0.44211465,3.977127,5.7102165
257,"C[C@H]1C[C@@H](C(C)(F)F)CCN1C(=O)CC1=CN=CC2=CC=CC=C12 |&1:1,3|",<rdkit.DataStructs.cDataStructs.ExplicitBitVect object at 0x0000029EEB779F90>,4.933953,0.40463537,4.140867,5.7270384
258,CC(C)(O)[C@H]1CCCN(C(=O)CC2=CN=CC3=CC=CC=C23)C1 |o1:4|,<rdkit.DataStructs.cDataStructs.ExplicitBitVect object at 0x0000029EEB7A5040>,4.4543495,0.3866334,3.696548,5.212151
259,C[C@H]1CCN(C(=O)CC2=CN=CC3=CC=CC=C23)CC2=C1SC=C2 |&1:1|,<rdkit.DataStructs.cDataStructs.ExplicitBitVect object at 0x0000029EEB7A50B0>,5.2491827,0.48957,4.2896256,6.2087398
260,N#CC[C@H]1CCCN(C(=O)CC2=CN=CC3=CC=CC=C23)C1 |a:3|,<rdkit.DataStructs.cDataStructs.ExplicitBitVect object at 0x0000029EEB7A5120>,3.6322,0.34296662,2.9599855,4.3044147
261,O=C(CC1=CN=CC2=CC=CC=C12)N1CCCC[C@H]1C1CCC1 |&1:18|,<rdkit.DataStructs.cDataStructs.ExplicitBitVect object at 0x0000029EEB7A5190>,4.0841165,0.36262596,3.3733697,4.794863
262,O=C(CC1=CN=CC2=CC=CC=C12)N1CCCC[C@H]1C1=C(F)C=CC=C1F |&1:18|,<rdkit.DataStructs.cDataStructs.ExplicitBitVect object at 0x0000029EEB7A5200>,4.4957967,0.3915523,3.7283542,5.2632394
263,O=C(CC1=CN=CC2=CC=CC=C12)N1CCCC[C@H]1C1=NC2=CC=CC=C2O1 |&1:18|,<rdkit.DataStructs.cDataStructs.ExplicitBitVect object at 0x0000029EEB7A5270>,3.5498471,0.32971928,2.9035974,4.196097
264,O=C(CC1=CN=CC2=CC=CC=C12)N1CCCC[C@H]1C1=CC=C(F)C(Cl)=C1 |&1:18|,<rdkit.DataStructs.cDataStructs.ExplicitBitVect object at 0x0000029EEB7A52E0>,4.7208347,0.44723997,3.8442445,5.597425
265,CC1=NNC([C@H]2CCCCN2C(=O)CC2=CN=CC3=CC=CC=C23)=C1 |&1:5|,<rdkit.DataStructs.cDataStructs.ExplicitBitVect object at 0x0000029EEB7A5350>,4.073122,0.3765758,3.3350334,4.8112106
266,O=C(CC1=CN=CC2=CC=CC=C12)N1CCC[C@H](C2CCCC2)C1 |o1:17|,<rdkit.DataStructs.cDataStructs.ExplicitBitVect object at 0x0000029EEB7A53C0>,5.042391,0.48446313,4.092843,5.9919386
267,O=C(CC1=CN=CC2=CC=CC=C12)N1CCC[C@H](C2CCCC2)C1 |o1:17|,<rdkit.DataStructs.cDataStructs.ExplicitBitVect object at 0x0000029EEB7A5430>,5.042391,0.48446313,4.092843,5.9919386
268,O=C(CC1=CN=CC2=CC=CC=C12)N1CCCC[C@H]1C1=NNC=C1 |&1:18|,<rdkit.DataStructs.cDataStructs.ExplicitBitVect object at 0x0000029EEB7A54A0>,4.586639,0.40615875,3.7905679,5.38271
269,O=C(CC1=CN=CC2=CC=CC=C12)N1CCCC[C@H]1C1=NOC=C1 |&1:18|,<rdkit.DataStructs.cDataStructs.ExplicitBitVect object at 0x0000029EEB7A5510>,4.426802,0.3885923,3.6651611,5.188443
270,O=C(CC1=CN=CC2=CC=CC=C12)N1CCCC[C@H]1C1=CC=CC(F)=C1 |&1:18|,<rdkit.DataStructs.cDataStructs.ExplicitBitVect object at 0x0000029EEB7A5580>,5.0570517,0.46401364,4.147585,5.9665184
271,O=C(CC1=CN=CC2=CC=CC=C12)N1CCCC[C@H]1C1=CC=C(Cl)C=C1 |&1:18|,<rdkit.DataStructs.cDataStructs.ExplicitBitVect object at 0x0000029EEB7A55F0>,4.321548,0.41546074,3.507245,5.135851
272,CC1=CC=C([C@H]2CCCCN2C(=O)CC2=CN=CC3=CC=CC=C23)C=C1 |&1:5|,<rdkit.DataStructs.cDataStructs.ExplicitBitVect object at 0x0000029EEB7A5660>,4.2904754,0.41241533,3.4821413,5.0988092
273,O=C(CC1=CN=CC2=CC=CC=C12)N1CCCC[C@H]1C1=CC=C(F)C=N1 |&1:18|,<rdkit.DataStructs.cDataStructs.ExplicitBitVect object at 0x0000029EEB7A56D0>,3.8071616,0.36098465,3.0996315,4.5146914
274,O=C(CC1=CN=CC2=CC=CC=C12)N1CCCC[C@H]1C1=CC=NC=N1 |&1:18|,<rdkit.DataStructs.cDataStructs.ExplicitBitVect object at 0x0000029EEB7A5740>,4.2008896,0.38125235,3.453635,4.948144
275,"C[C@H]1CCCN(C(=O)CC2=CN=CC3=CC=CC=C23)[C@H]1C |o1:1,19|",<rdkit.DataStructs.cDataStructs.ExplicitBitVect object at 0x0000029EEB7A57B0>,4.688009,0.4293838,3.8464165,5.529601
276,O=C(CC1=CN=CC2=CC=CC=C12)N1CCC2=C(N=CS2)C12CCC2,<rdkit.DataStructs.cDataStructs.ExplicitBitVect object at 0x0000029EEB7A5820>,5.633697,0.5134785,4.6272793,6.640115
277,"C[C@H](O)[C@H]1CCCN(C(=O)CC2=CN=CC3=CC=CC=C23)C1 |o1:1,o2:3|",<rdkit.DataStructs.cDataStructs.ExplicitBitVect object at 0x0000029EEB7A5890>,4.1432843,0.38751128,3.3837621,4.9028063
278,"C[C@H](O)[C@H]1CCCN(C(=O)CC2=CN=CC3=CC=CC=C23)C1 |o1:1,o2:3|",<rdkit.DataStructs.cDataStructs.ExplicitBitVect object at 0x0000029EEB7A5900>,4.1432843,0.38751128,3.3837621,4.9028063
279,"C[C@H](O)[C@H]1CCCN(C(=O)CC2=CN=CC3=CC=CC=C23)C1 |o1:1,o2:3|",<rdkit.DataStructs.cDataStructs.ExplicitBitVect object at 0x0000029EEB7A5970>,4.1432843,0.38751128,3.3837621,4.9028063
280,"C[C@H](O)[C@H]1CCCN(C(=O)CC2=CN=CC3=CC=CC=C23)C1 |o1:1,o2:3|",<rdkit.DataStructs.cDataStructs.ExplicitBitVect object at 0x0000029EEB7A59E0>,4.1432843,0.38751128,3.3837621,4.9028063
281,CN1N=CC=C1[C@H]1CCCCN1C(=O)CC1=CN=CC2=CC=CC=C12 |&1:6|,<rdkit.DataStructs.cDataStructs.ExplicitBitVect object at 0x0000029EEB7A5A50>,4.3266554,0.39622918,3.5500462,5.103265
282,CC(=O)NC[C@H]1CCCCN1C(=O)CC1=CN=CC2=CC=CC=C12 |a:5|,<rdkit.DataStructs.cDataStructs.ExplicitBitVect object at 0x0000029EEB7A5AC0>,4.166984,0.3807068,3.4207988,4.9131694
283,CN1N=NC=C1[C@H]1CCCCN1C(=O)CC1=CN=CC2=CC=CC=C12 |&1:6|,<rdkit.DataStructs.cDataStructs.ExplicitBitVect object at 0x0000029EEB7A5B30>,4.1763177,0.39041188,3.4111104,4.941525
284,O=C(CC1=CN=CC2=CC=CC=C12)N1CCCC[C@H]1C1=CC=C(Cl)C=C1F |a:18|,<rdkit.DataStructs.cDataStructs.ExplicitBitVect object at 0x0000029EEB7A5BA0>,5.0048323,0.46440846,4.0945916,5.915073
285,CC(=O)NC[C@@H]1CCCCN1C(=O)CC1=CN=CC2=CC=CC=C12 |a:5|,<rdkit.DataStructs.cDataStructs.ExplicitBitVect object at 0x0000029EEB7A5C10>,4.166984,0.3807068,3.4207988,4.9131694
286,"O=C(CC1=CN=CC2=CC=CC=C12)N1CCC[C@H]2CCCC[C@H]21 |o1:17,22|",<rdkit.DataStructs.cDataStructs.ExplicitBitVect object at 0x0000029EEB7A5C80>,4.1850553,0.37511462,3.4498305,4.92028
287,"O=C(CC1=CN=CC2=CC=CC=C12)N1CCC[C@H]2CCCC[C@H]21 |o1:17,22|",<rdkit.DataStructs.cDataStructs.ExplicitBitVect object at 0x0000029EEB7A5CF0>,4.1850553,0.37511462,3.4498305,4.92028
288,CN1C=NN=C1[C@H]1CCCCN1C(=O)CC1=CN=CC2=CC=CC=C12 |&1:6|,<rdkit.DataStructs.cDataStructs.ExplicitBitVect object at 0x0000029EEB7A5D60>,3.437962,0.32186243,2.8071117,4.0688124
289,O=C(CC1=CN=CC2=CC=CC=C12)N1CCCC[C@H]1C1=CSC=N1 |&1:18|,<rdkit.DataStructs.cDataStructs.ExplicitBitVect object at 0x0000029EEB7A5DD0>,3.9355297,0.37235072,3.2057223,4.665337
290,"O=C(CC1=CN=CC2=CC=CC=C12)N1CCCC[C@H]1[C@H]1CCCO1 |o1:18,o2:19|",<rdkit.DataStructs.cDataStructs.ExplicitBitVect object at 0x0000029EEB7A5E40>,3.7345457,0.34380868,3.0606806,4.4084105
291,"O=C(CC1=CN=CC2=CC=CC=C12)N1CCCC[C@H]1[C@H]1CCCO1 |o1:18,o2:19|",<rdkit.DataStructs.cDataStructs.ExplicitBitVect object at 0x0000029EEB7A5EB0>,3.7345457,0.34380868,3.0606806,4.4084105
292,"O=C(CC1=CN=CC2=CC=CC=C12)N1CCCC[C@H]1[C@H]1CCCO1 |o1:18,o2:19|",<rdkit.DataStructs.cDataStructs.ExplicitBitVect object at 0x0000029EEB7A5F20>,3.7345457,0.34380868,3.0606806,4.4084105
293,"O=C(CC1=CN=CC2=CC=CC=C12)N1CCCC[C@H]1[C@H]1CCCO1 |o1:18,o2:19|",<rdkit.DataStructs.cDataStructs.ExplicitBitVect object at 0x0000029EEB7A5F90>,3.7345457,0.34380868,3.0606806,4.4084105
294,"O=C(CC1=CN=CC2=CC=CC=C12)N1CCC[C@H]2CCCC[C@@H]21 |o1:17,22|",<rdkit.DataStructs.cDataStructs.ExplicitBitVect object at 0x0000029EEB77A040>,4.1850553,0.37511465,3.4498305,4.92028
295,"COC1=CC=CC=C1[C@H]1C[C@H](C)CCN1C(=O)CC1=CN=CC2=CC=CC=C12 |o1:8,10|",<rdkit.DataStructs.cDataStructs.ExplicitBitVect object at 0x0000029EEB77A0B0>,5.6874084,0.5038377,4.6998863,6.6749306
296,"COC1=CC=CC=C1[C@H]1C[C@H](C)CCN1C(=O)CC1=CN=CC2=CC=CC=C12 |o1:8,10|",<rdkit.DataStructs.cDataStructs.ExplicitBitVect object at 0x0000029EEB77A120>,5.6874084,0.50383765,4.699887,6.67493
