QSPRID,SMILES,Molecule Name,Set,pIC50 (MERS-CoV Mpro),pIC50 (SARS-CoV-2 Mpro),QSPRID,pIC50 (MERS-CoV Mpro)_original,Split_IsTrain,predicted MERS
MultiTaskTutorialDataset_000,C=CC(=O)Nc1cccc(N(Cc2cccc(Cl)c2)C(=O)Cc2cncc3ccccc23)c1,ASAP-0000175,Test,5.52,5.57,MultiTaskTutorialDataset_000,5.52,True,5.214393
MultiTaskTutorialDataset_001,CNC(=O)CN1C[C@@]2(C(=O)N(c3cncc4ccccc34)C[C@@H]2C)c2cc(F)ccc2C1=O,ASAP-0000272,Test,6.47,,MultiTaskTutorialDataset_001,6.47,True,5.2449136
MultiTaskTutorialDataset_002,CNC(=O)CN1C[C@]2(CCN(c3cncc4ccc(OC[C@H](O)CN(C)C)cc34)C2=O)c2cc(Cl)ccc2C1=O,ASAP-0000528,Test,5.8,7.44,MultiTaskTutorialDataset_002,5.8,True,4.8466496
MultiTaskTutorialDataset_003,CNC(=O)CN1C[C@@]2(C(=O)N(c3cncc4ccccc34)C[C@@H]2C)c2ccccc2C1=O,ASAP-0000541,Test,5.81,6.48,MultiTaskTutorialDataset_003,5.81,False,5.017499
MultiTaskTutorialDataset_004,CNC(=O)CN1C[C@@]2(C(=O)N(c3cncc4ccccc34)C[C@@H]2C)c2cc(Cl)ccc2C1=O,ASAP-0000733,Test,6.69,7.87,MultiTaskTutorialDataset_004,6.69,False,5.2743254
MultiTaskTutorialDataset_005,CNC(=O)CN1C[C@]2(C(=O)N(c3cncc4ccccc34)C[C@H]2CC2CC2)c2cc(Cl)ccc2C1=O,ASAP-0000738,Test,5.98,7.6,MultiTaskTutorialDataset_005,5.98,False,5.5338345
MultiTaskTutorialDataset_006,C[C@H]1CN(c2cncc3ccccc23)C(=O)[C@@]12CN(CC(=O)NCc1ccnn1C)C(=O)c1ccc(Cl)cc12,ASAP-0000774,Test,5.88,7.42,MultiTaskTutorialDataset_006,5.88,False,5.470039
MultiTaskTutorialDataset_007,C[C@H]1CN(c2cncc3ccccc23)C(=O)[C@@]12CN(CC(=O)NCc1ccn(C)n1)C(=O)c1ccc(Cl)cc12,ASAP-0000775,Test,6.02,6.91,MultiTaskTutorialDataset_007,6.02,False,5.470039
MultiTaskTutorialDataset_008,CO[C@@H](C)CN1C[C@H](C(=O)Nc2cncc3ccccc23)c2cc(Cl)ccc2C1=O,ASAP-0010712,Test,5.65,7.18,MultiTaskTutorialDataset_008,5.65,True,5.0700207
MultiTaskTutorialDataset_009,CN[C@H](C)CN1C[C@H](C(=O)Nc2cncc3ccccc23)c2cc(Cl)ccc2C1=O,ASAP-0010740,Test,5.49,6.88,MultiTaskTutorialDataset_009,5.49,True,5.182725
MultiTaskTutorialDataset_010,CN1C(=O)c2ccc(Cl)cc2[C@]12CCCN(c1cncc3ccccc13)C2=O,ASAP-0011036,Test,4.34,5.57,MultiTaskTutorialDataset_010,4.34,False,5.034349
MultiTaskTutorialDataset_011,CCNC(=O)CN1C[C@@]2(C(=O)N(c3cncc4ccccc34)C[C@@H]2C)c2cc(Cl)ccc2C1=O,ASAP-0011052,Test,6.47,7.73,MultiTaskTutorialDataset_011,6.47,False,5.547507
MultiTaskTutorialDataset_012,C[C@H]1CN(c2cncc3ccccc23)C(=O)[C@@]12CN(CC(=O)NCC1CC1)C(=O)c1ccc(F)cc12,ASAP-0011059,Test,5.96,7.3,MultiTaskTutorialDataset_012,5.96,True,5.5037255
MultiTaskTutorialDataset_013,C[C@H]1CN(c2cncc3ccccc23)C(=O)[C@@]12CN(CC(=O)NCC1(F)CC1)C(=O)c1ccc(F)cc12,ASAP-0011125,Test,5.55,6.89,MultiTaskTutorialDataset_013,5.55,True,5.420868
MultiTaskTutorialDataset_014,C[C@H]1CN(c2cncc3ccccc23)C(=O)[C@@]12CN(CC(=O)NC1CCC1)C(=O)c1ccc(Cl)cc12,ASAP-0011185,Test,5.71,7.09,MultiTaskTutorialDataset_014,5.71,False,5.5813985
MultiTaskTutorialDataset_015,CCNC(=O)CN1C[C@@]2(C(=O)N(c3cncc4ccccc34)C[C@@H]2C)c2cc(F)ccc2C1=O,ASAP-0011343,Test,6.29,7.48,MultiTaskTutorialDataset_015,6.29,True,5.420868
MultiTaskTutorialDataset_016,CNC(=O)CN1C[C@@]2(C(=O)N(c3cncc4ccccc34)C[C@@H]2Cn2ccnn2)c2cc(F)ccc2C1=O,ASAP-0011358,Test,5.24,6.27,MultiTaskTutorialDataset_016,5.24,False,5.334462
MultiTaskTutorialDataset_017,CNC(=O)C1(N2C[C@@]3(C(=O)N(c4cncc5ccccc45)C[C@@H]3C)c3cc(F)ccc3C2=O)CC1,ASAP-0011359,Test,6.4,7.57,MultiTaskTutorialDataset_017,6.4,True,5.461306
MultiTaskTutorialDataset_018,CC1CCC2(CC1)CCN(C(=O)Cc1cncc3ccccc13)C2,ASAP-0011408,Test,4.64,6.16,MultiTaskTutorialDataset_018,4.64,True,4.9374
MultiTaskTutorialDataset_019,CNC(=O)CN1C[C@@]2(C(=O)N(c3cncc4ccccc34)C[C@@H]2CS(C)(=O)=O)c2cc(F)ccc2C1=O,ASAP-0011414,Test,4.07,5.84,MultiTaskTutorialDataset_019,4.07,False,5.291135
MultiTaskTutorialDataset_020,CNC(=O)CN1C[C@@]2(C(=O)N(c3cncc4ccccc34)C[C@@H]2CC#N)c2cc(Cl)ccc2C1=O,ASAP-0011430,Test,5.6,7.41,MultiTaskTutorialDataset_020,5.6,False,5.450977
MultiTaskTutorialDataset_021,C[C@H]1CN(c2cncc3ccccc23)C(=O)[C@@]12CN(CCN1CCOCC1)C(=O)c1ccc(F)cc12,ASAP-0011445,Test,6.52,7.54,MultiTaskTutorialDataset_021,6.52,True,5.4789095
MultiTaskTutorialDataset_022,C[C@H]1CN(c2cncc3ccccc23)C(=O)[C@@]12CN(Cc1cn[nH]c1)C(=O)c1ccc(F)cc12,ASAP-0011485,Test,6.33,7.29,MultiTaskTutorialDataset_022,6.33,True,5.6758976
MultiTaskTutorialDataset_023,C[C@H]1CN(c2cncc3ccccc23)C(=O)[C@@]12CN(CCN1CCOCC1)C(=O)c1ccc(Cl)cc12,ASAP-0011513,Test,6.42,7.6,MultiTaskTutorialDataset_023,6.42,True,5.7697115
MultiTaskTutorialDataset_024,CNC(=O)[C@@H](C)N1C[C@@]2(C(=O)N(c3cncc4ccccc34)C[C@@H]2C)c2cc(F)ccc2C1=O,ASAP-0011528,Test,6.32,7.62,MultiTaskTutorialDataset_024,6.32,True,5.271351
MultiTaskTutorialDataset_025,CO[C@@H](C)CN1C[C@@]2(C(=O)N(c3cncc4ccccc34)C[C@@H]2C)c2cc(Cl)ccc2C1=O,ASAP-0012331,Test,5.86,7.11,MultiTaskTutorialDataset_025,5.86,True,5.6931424
MultiTaskTutorialDataset_026,CNC(=O)[C@@H](C)N1C[C@@]2(C(=O)N(c3cncc4ccccc34)C[C@@H]2C)c2cc(Cl)ccc2C1=O,ASAP-0012333,Test,5.98,7.23,MultiTaskTutorialDataset_026,5.98,True,5.6060476
MultiTaskTutorialDataset_027,CNCCN1C[C@@]2(C(=O)N(c3cncc4ccccc34)C[C@@H]2C)c2cc(Cl)ccc2C1=O,ASAP-0012337,Test,6.22,7.43,MultiTaskTutorialDataset_027,6.22,True,5.913661
MultiTaskTutorialDataset_028,CO[C@@H](C)CN1C[C@@]2(C(=O)N(c3cncc4ccccc34)C[C@@H]2C)c2cc(F)ccc2C1=O,ASAP-0012339,Test,5.95,6.97,MultiTaskTutorialDataset_028,5.95,True,5.4023404
MultiTaskTutorialDataset_029,C=CC(=O)N1CCCc2c1cccc2N(Cc1cccc(Cl)c1)C(=O)Cc1cncc2ccccc12,ASAP-0013249,Test,6.43,6.32,MultiTaskTutorialDataset_029,6.43,True,5.2570753
MultiTaskTutorialDataset_030,CNC(=O)CN1C[C@@]2(C(=O)N(c3cncc4ccccc34)C[C@@H]2CNc2ccccc2)c2cc(Cl)ccc2C1=O,ASAP-0013265,Test,6.53,8.46,MultiTaskTutorialDataset_030,6.53,False,5.5046806
MultiTaskTutorialDataset_031,CNC(=O)CN1C[C@@]2(C(=O)N(c3cncc4ccccc34)C[C@@H]2CNc2cnn(C)c2)c2cc(Cl)ccc2C1=O,ASAP-0013266,Test,6.39,8.0,MultiTaskTutorialDataset_031,6.39,False,5.36801
MultiTaskTutorialDataset_032,CNC(=O)CN1C[C@@]2(C(=O)N(c3cncc4ccccc34)C[C@@H]2Cc2nn[nH]n2)c2cc(Cl)ccc2C1=O,ASAP-0013268,Test,5.0,6.33,MultiTaskTutorialDataset_032,5.0,False,5.5838327
MultiTaskTutorialDataset_033,C[C@H]1CN(c2cncc3ccccc23)C(=O)[C@@]12CN(Cc1c[nH]cn1)C(=O)c1ccc(F)cc12,ASAP-0013272,Test,6.4,7.57,MultiTaskTutorialDataset_033,6.4,True,5.526766
MultiTaskTutorialDataset_034,C[C@H]1CN(c2cncc3ccccc23)C(=O)[C@@]12CN(Cc1ccn[nH]1)C(=O)c1ccc(F)cc12,ASAP-0013273,Test,6.82,7.87,MultiTaskTutorialDataset_034,6.82,True,5.6360717
MultiTaskTutorialDataset_035,C[C@H]1CN(c2cncc3ccccc23)C(=O)[C@@]12CN(Cc1ncc[nH]1)C(=O)c1ccc(F)cc12,ASAP-0013274,Test,6.46,7.75,MultiTaskTutorialDataset_035,6.46,True,5.8333883
MultiTaskTutorialDataset_036,CNC(=O)CN1C[C@@]2(C(=O)N(c3cncc4ccccc34)C[C@@H]2CNc2ccncn2)c2cc(Cl)ccc2C1=O,ASAP-0013300,Test,6.92,7.65,MultiTaskTutorialDataset_036,6.92,False,5.8314285
MultiTaskTutorialDataset_037,CNC(=O)CN1C[C@@]2(C(=O)N(c3cncc4ccccc34)C[C@@H]2CNc2cnccn2)c2cc(Cl)ccc2C1=O,ASAP-0013301,Test,6.46,7.09,MultiTaskTutorialDataset_037,6.46,False,5.8592796
MultiTaskTutorialDataset_038,CNC(=O)CN1C[C@@]2(C(=O)N(c3cncc4ccccc34)C[C@@H]2CS(=O)(=O)N(C)C)c2cc(Cl)ccc2C1=O,ASAP-0013302,Test,4.59,7.43,MultiTaskTutorialDataset_038,4.59,False,5.574784
MultiTaskTutorialDataset_039,CNC(=O)CN1C[C@@]2(C(=O)N(c3cncc4ccccc34)C[C@@H]2CS(=O)(=O)NC)c2cc(F)ccc2C1=O,ASAP-0013303,Test,4.6,6.6,MultiTaskTutorialDataset_039,4.6,False,5.291135
MultiTaskTutorialDataset_040,C[C@H]1CN(c2cncc3ccccc23)C(=O)[C@@]12CN(Cc1cc(O)ncn1)C(=O)c1ccc(F)cc12,ASAP-0013304,Test,5.51,6.47,MultiTaskTutorialDataset_040,5.51,True,5.553845
MultiTaskTutorialDataset_041,C[C@H]1CN(c2cncc3ccccc23)C(=O)[C@@]12CN(Cc1nc[nH]n1)C(=O)c1ccc(F)cc12,ASAP-0013305,Test,5.59,6.68,MultiTaskTutorialDataset_041,5.59,True,5.979705
MultiTaskTutorialDataset_042,Cn1ccc(CN2C[C@]3(CCN(c4cncc5ccccc45)C3=O)c3cc(Cl)ccc3C2=O)n1,ASAP-0013306,Test,4.31,4.33,MultiTaskTutorialDataset_042,4.31,True,5.288113
MultiTaskTutorialDataset_043,Cn1ccc(CN2C[C@]3(CCN(c4cncc5ccccc45)C3=O)c3cc(Cl)ccc3C2=O)n1,ASAP-0013307,Test,6.31,7.4,MultiTaskTutorialDataset_043,6.31,True,5.288113
MultiTaskTutorialDataset_044,Cn1cnc(CN2C[C@]3(CCN(c4cncc5ccccc45)C3=O)c3cc(Cl)ccc3C2=O)n1,ASAP-0013308,Test,4.23,4.51,MultiTaskTutorialDataset_044,4.23,True,5.5303626
MultiTaskTutorialDataset_045,Cn1cnc(CN2C[C@]3(CCN(c4cncc5ccccc45)C3=O)c3cc(Cl)ccc3C2=O)n1,ASAP-0013309,Test,4.79,5.99,MultiTaskTutorialDataset_045,4.79,True,5.5303626
MultiTaskTutorialDataset_046,Cn1nnc(CN2C[C@]3(CCN(c4cncc5ccccc45)C3=O)c3cc(Cl)ccc3C2=O)n1,ASAP-0013310,Test,5.14,6.33,MultiTaskTutorialDataset_046,5.14,True,5.1718135
MultiTaskTutorialDataset_047,Cn1nnc(CN2C[C@]3(CCN(c4cncc5ccccc45)C3=O)c3cc(Cl)ccc3C2=O)n1,ASAP-0013311,Test,4.25,4.25,MultiTaskTutorialDataset_047,4.25,True,5.1718135
MultiTaskTutorialDataset_048,Cn1nnnc1CN1C[C@]2(CCN(c3cncc4ccccc34)C2=O)c2cc(Cl)ccc2C1=O,ASAP-0013312,Test,4.35,4.12,MultiTaskTutorialDataset_048,4.35,True,5.2041416
MultiTaskTutorialDataset_049,Cn1nnnc1CN1C[C@]2(CCN(c3cncc4ccccc34)C2=O)c2cc(Cl)ccc2C1=O,ASAP-0013313,Test,5.16,6.3,MultiTaskTutorialDataset_049,5.16,True,5.2041416
MultiTaskTutorialDataset_050,CCn1nccc1CN1C[C@@]2(C(=O)N(c3cncc4ccccc34)C[C@@H]2C)c2cc(F)ccc2C1=O,ASAP-0013398,Test,6.72,7.28,MultiTaskTutorialDataset_050,6.72,True,5.5921845
MultiTaskTutorialDataset_051,CNC(=O)CN1C[C@@]2(C(=O)N(c3cncc4ccccc34)C[C@@H]2Cn2cccn2)c2cc(Cl)ccc2C1=O,ASAP-0013405,Test,5.8,6.74,MultiTaskTutorialDataset_051,5.8,False,5.4278364
MultiTaskTutorialDataset_052,CNCCN1C[C@@]2(C(=O)N(c3cncc4ccccc34)C[C@@H]2C)c2cc(F)ccc2C1=O,ASAP-0013407,Test,5.98,6.9,MultiTaskTutorialDataset_052,5.98,True,5.6200185
MultiTaskTutorialDataset_053,C[C@H]1CN(c2cncc3ccccc23)C(=O)[C@@]12CN(Cc1c[nH]nn1)C(=O)c1ccc(F)cc12,ASAP-0013412,Test,6.37,7.31,MultiTaskTutorialDataset_053,6.37,True,5.5111527
MultiTaskTutorialDataset_054,C[C@H]1CN(c2cncc3ccccc23)C(=O)[C@@]12CN(Cc1ccnn1C)C(=O)c1ccc(F)cc12,ASAP-0013413,Test,6.5,7.08,MultiTaskTutorialDataset_054,6.5,True,5.37922
MultiTaskTutorialDataset_055,C[C@H]1CN(c2cncc3ccccc23)C(=O)[C@@]12CN(Cc1cocn1)C(=O)c1ccc(F)cc12,ASAP-0013414,Test,6.9,7.46,MultiTaskTutorialDataset_055,6.9,True,5.537146
MultiTaskTutorialDataset_056,Cc1cnc(CN2C[C@@]3(C(=O)N(c4cncc5ccccc45)C[C@@H]3C)c3cc(F)ccc3C2=O)cn1,ASAP-0013423,Test,6.01,7.15,MultiTaskTutorialDataset_056,6.01,True,5.4585714
MultiTaskTutorialDataset_057,CNC(=O)CN1C[C@@]2(C(=O)N(c3cncc4ccccc34)C[C@@H]2CNc2cnc(C)s2)c2cc(Cl)ccc2C1=O,ASAP-0013716,Test,5.51,8.45,MultiTaskTutorialDataset_057,5.51,False,5.478828
MultiTaskTutorialDataset_058,CNC(=O)CN1C[C@@]2(C(=O)N(c3cncc4ccccc34)C[C@@H]2CS(=O)(=O)NC)c2cc(Cl)ccc2C1=O,ASAP-0013717,Test,4.62,6.66,MultiTaskTutorialDataset_058,4.62,False,5.574784
MultiTaskTutorialDataset_059,CNC(=O)CN1C[C@@]2(C(=O)N(c3cncc4ccccc34)C[C@@H]2Cn2ncnn2)c2cc(Cl)ccc2C1=O,ASAP-0013718,Test,4.59,6.03,MultiTaskTutorialDataset_059,4.59,False,5.3876286
MultiTaskTutorialDataset_060,C[C@H]1CN(c2cncc3ccccc23)C(=O)[C@@]12CN(CC#N)C(=O)c1ccc(F)cc12,ASAP-0013719,Test,5.52,6.17,MultiTaskTutorialDataset_060,5.52,True,5.5343623
MultiTaskTutorialDataset_061,C[C@H]1CN(c2cncc3ccccc23)C(=O)[C@@]12CN(Cc1nccn1C)C(=O)c1ccc(F)cc12,ASAP-0013720,Test,5.45,6.44,MultiTaskTutorialDataset_061,5.45,True,5.618201
MultiTaskTutorialDataset_062,C[C@H]1CN(c2cncc3ccccc23)C(=O)[C@@]12CN(Cc1nnnn1C)C(=O)c1ccc(F)cc12,ASAP-0013721,Test,5.46,6.41,MultiTaskTutorialDataset_062,5.46,True,5.320179
MultiTaskTutorialDataset_063,Cc1cc(CN2C[C@@]3(C(=O)N(c4cncc5ccccc45)C[C@@H]3C)c3cc(F)ccc3C2=O)on1,ASAP-0013722,Test,6.92,7.91,MultiTaskTutorialDataset_063,6.92,True,5.652859
MultiTaskTutorialDataset_064,CNC(=O)CN1C[C@@]2(C(=O)N(c3cncc4ccccc34)C[C@@H]2CNc2scnc2C)c2cc(Cl)ccc2C1=O,ASAP-0013814,Test,5.54,8.38,MultiTaskTutorialDataset_064,5.54,False,5.453709
MultiTaskTutorialDataset_065,CNC(=O)CN1C[C@@]2(C(=O)N(c3cncc4ccccc34)C[C@@H]2CNc2cncs2)c2cc(Cl)ccc2C1=O,ASAP-0013892,Test,6.44,8.73,MultiTaskTutorialDataset_065,6.44,False,5.450977
MultiTaskTutorialDataset_066,C[C@H]1CN(c2cncc3ccccc23)C(=O)[C@@]12CN(CCN1CCN(S(C)(=O)=O)CC1)C(=O)c1ccc(Cl)cc12,ASAP-0013898,Test,6.46,7.66,MultiTaskTutorialDataset_066,6.46,True,5.7697115
MultiTaskTutorialDataset_067,O=C1c2ccc(Cl)cc2[C@@]2(CN1CCN1CCOCC1)C(=O)N(c1cncc3ccccc13)C[C@@H]2CNc1ncccn1,ASAP-0013925,Test,6.43,7.51,MultiTaskTutorialDataset_067,6.43,True,5.921342
MultiTaskTutorialDataset_068,CNC(=O)CN1C[C@@]2(C(=O)N(c3cncc4ccccc34)C[C@@H]2CNc2ccc(Cl)nn2)c2cc(Cl)ccc2C1=O,ASAP-0014544,Test,6.91,7.45,MultiTaskTutorialDataset_068,6.91,False,5.8314285
MultiTaskTutorialDataset_069,C[C@H]1CN(c2cncc3ccccc23)C(=O)[C@@]12CN(Cc1ccnnc1)C(=O)c1ccc(F)cc12,ASAP-0014613,Test,6.85,7.97,MultiTaskTutorialDataset_069,6.85,True,5.5164905
MultiTaskTutorialDataset_070,Cc1ncc(CN2C[C@@]3(C(=O)N(c4cncc5ccccc45)C[C@@H]3C)c3cc(F)ccc3C2=O)o1,ASAP-0014619,Test,5.96,7.09,MultiTaskTutorialDataset_070,5.96,True,5.6614633
MultiTaskTutorialDataset_071,C[C@H]1CN(c2cncc3ccccc23)C(=O)[C@@]12CN(CCN1CCCC1=O)C(=O)c1ccc(Cl)cc12,ASAP-0014632,Test,5.67,7.01,MultiTaskTutorialDataset_071,5.67,True,5.769972
MultiTaskTutorialDataset_072,C[C@H]1CN(c2cncc3ccccc23)C(=O)[C@@]12CN(CCN1CCS(=O)(=O)CC1)C(=O)c1ccc(Cl)cc12,ASAP-0014717,Test,6.5,7.72,MultiTaskTutorialDataset_072,6.5,True,5.746067
MultiTaskTutorialDataset_073,C[C@H]1CN(c2cncc3ccccc23)C(=O)[C@@]12CN(Cc1ncco1)C(=O)c1ccc(F)cc12,ASAP-0014745,Test,5.9,6.92,MultiTaskTutorialDataset_073,5.9,True,5.5789638
MultiTaskTutorialDataset_074,Cc1nc(CN2C[C@@]3(C(=O)N(c4cncc5ccccc45)C[C@@H]3C)c3cc(F)ccc3C2=O)co1,ASAP-0014750,Test,7.23,8.04,MultiTaskTutorialDataset_074,7.23,True,5.4077444
MultiTaskTutorialDataset_075,C[C@H]1CN(c2cncc3ccccc23)C(=O)[C@@]12CN(Cc1cnn(C)n1)C(=O)c1ccc(F)cc12,ASAP-0014753,Test,6.59,7.46,MultiTaskTutorialDataset_075,6.59,True,5.4018826
MultiTaskTutorialDataset_076,C[C@H]1CN(c2cncc3ccccc23)C(=O)[C@@]12CN(Cc1nnn(C)n1)C(=O)c1ccc(F)cc12,ASAP-0014758,Test,5.56,6.65,MultiTaskTutorialDataset_076,5.56,True,5.42871
MultiTaskTutorialDataset_077,Cc1nc(CN2C[C@@]3(C(=O)N(c4cncc5ccccc45)C[C@@H]3C)c3cc(F)ccc3C2=O)no1,ASAP-0014762,Test,5.62,6.68,MultiTaskTutorialDataset_077,5.62,True,5.9092236
MultiTaskTutorialDataset_078,C[C@H]1CN(c2cncc3ccccc23)C(=O)[C@@]12CN(Cc1ccon1)C(=O)c1ccc(F)cc12,ASAP-0014764,Test,6.74,7.86,MultiTaskTutorialDataset_078,6.74,True,5.4933076
MultiTaskTutorialDataset_079,C[C@H]1CN(c2cncc3ccccc23)C(=O)[C@@]12CN(Cc1ncn(C)n1)C(=O)c1ccc(F)cc12,ASAP-0014769,Test,5.21,6.32,MultiTaskTutorialDataset_079,5.21,True,5.7417245
MultiTaskTutorialDataset_080,C[C@H]1CN(c2cncc3ccccc23)C(=O)[C@@]12CN(Cc1ccn(C)n1)C(=O)c1ccc(F)cc12,ASAP-0014770,Test,6.82,7.82,MultiTaskTutorialDataset_080,6.82,True,5.455789
MultiTaskTutorialDataset_081,C[C@H]1CN(c2cncc3ccccc23)C(=O)[C@@]12CN(Cc1cnn(C)c1)C(=O)c1ccc(F)cc12,ASAP-0014773,Test,6.9,8.06,MultiTaskTutorialDataset_081,6.9,True,5.49337
MultiTaskTutorialDataset_082,COC[C@H]1CN(c2cncc3ccccc23)C(=O)[C@@]12CN(Cc1ccn[nH]1)C(=O)c1ccc(Cl)cc12,ASAP-0014789,Test,6.27,7.44,MultiTaskTutorialDataset_082,6.27,True,5.8882
MultiTaskTutorialDataset_083,C[C@H]1CN(c2cncc3ccccc23)C(=O)[C@@]12CN(Cc1ccncn1)C(=O)c1ccc(F)cc12,ASAP-0014794,Test,6.86,8.02,MultiTaskTutorialDataset_083,6.86,True,5.4988065
MultiTaskTutorialDataset_084,COC[C@H]1CN(c2cncc3ccccc23)C(=O)[C@@]12CN(Cc1c[nH]cn1)C(=O)c1ccc(Cl)cc12,ASAP-0014936,Test,5.92,7.17,MultiTaskTutorialDataset_084,5.92,True,5.8771367
MultiTaskTutorialDataset_085,COC[C@H]1CN(c2cncc3ccccc23)C(=O)[C@@]12CN(Cc1ncc[nH]1)C(=O)c1ccc(Cl)cc12,ASAP-0014948,Test,5.98,7.32,MultiTaskTutorialDataset_085,5.98,True,6.0009437
MultiTaskTutorialDataset_086,CNC(=O)CN1C[C@@]2(C(=O)N(c3cncc4ccccc34)C[C@@H]2CCl)c2cc(Cl)ccc2C1=O,ASAP-0015078,Test,5.93,8.14,MultiTaskTutorialDataset_086,5.93,False,5.450977
MultiTaskTutorialDataset_087,C[C@H]1CN(c2cncc3ccccc23)C(=O)[C@@]12CN(CCN1CCC3(COC3)C1)C(=O)c1ccc(Cl)cc12,ASAP-0015092,Test,6.5,7.57,MultiTaskTutorialDataset_087,6.5,True,5.778354
MultiTaskTutorialDataset_088,CNC(=O)CN1C[C@@]2(C(=O)N(c3cncc4ccccc34)C[C@@H]2CNc2ncncn2)c2cc(Cl)ccc2C1=O,ASAP-0015108,Test,7.14,7.96,MultiTaskTutorialDataset_088,7.14,False,5.729352
MultiTaskTutorialDataset_089,CNC(=O)CN1C[C@@]2(C(=O)N(c3cncc4ccccc34)C[C@@H]2CNc2nncs2)c2cc(Cl)ccc2C1=O,ASAP-0015239,Test,7.25,8.16,MultiTaskTutorialDataset_089,7.25,True,5.798567
MultiTaskTutorialDataset_090,C[C@@H]1COC[C@@H](C)N1CCN1C[C@@]2(C(=O)N(c3cncc4ccccc34)C[C@@H]2C)c2cc(Cl)ccc2C1=O,ASAP-0015376,Test,6.45,7.85,MultiTaskTutorialDataset_090,6.45,True,5.836865
MultiTaskTutorialDataset_091,C[C@H]1CN(c2cncc3ccccc23)C(=O)[C@@]12CN(CCN1CCOC(C)(C)C1)C(=O)c1ccc(Cl)cc12,ASAP-0015508,Test,6.51,7.43,MultiTaskTutorialDataset_091,6.51,True,5.7697115
MultiTaskTutorialDataset_092,C[C@@H]1COC[C@H](C)N1CCN1C[C@@]2(C(=O)N(c3cncc4ccccc34)C[C@@H]2C)c2cc(Cl)ccc2C1=O,ASAP-0015512,Test,5.92,7.28,MultiTaskTutorialDataset_092,5.92,True,5.836865
MultiTaskTutorialDataset_093,C[C@H]1CN(CCN2C[C@@]3(C(=O)N(c4cncc5ccccc45)C[C@@H]3C)c3cc(Cl)ccc3C2=O)CCO1,ASAP-0015514,Test,6.45,7.57,MultiTaskTutorialDataset_093,6.45,True,5.8167996
MultiTaskTutorialDataset_094,CNC(=O)CN1C[C@@]2(C(=O)N(c3cncc4ccccc34)C[C@@H]2COC2CCC2)c2cc(Cl)ccc2C1=O,ASAP-0015648,Test,5.94,8.18,MultiTaskTutorialDataset_094,5.94,False,5.433543
MultiTaskTutorialDataset_095,C[C@@H]1CN(CCN2C[C@@]3(C(=O)N(c4cncc5ccccc45)C[C@@H]3C)c3cc(Cl)ccc3C2=O)[C@H](C)CO1,ASAP-0015656,Test,6.92,7.85,MultiTaskTutorialDataset_095,6.92,True,5.874446
MultiTaskTutorialDataset_096,C[C@H]1CN(CCN2C[C@@]3(C(=O)N(c4cncc5ccccc45)C[C@@H]3C)c3cc(Cl)ccc3C2=O)[C@@H](C)CO1,ASAP-0015657,Test,6.74,7.87,MultiTaskTutorialDataset_096,6.74,True,5.874446
MultiTaskTutorialDataset_097,C[C@H]1CN(c2cncc3ccccc23)C(=O)[C@@]12CN(CCN1CC(F)(F)C1)C(=O)c1ccc(Cl)cc12,ASAP-0015660,Test,6.67,7.95,MultiTaskTutorialDataset_097,6.67,True,5.7697115
MultiTaskTutorialDataset_098,C[C@H]1CN(CCN2C[C@@]3(C(=O)N(c4cncc5ccccc45)C[C@@H]3C)c3cc(Cl)ccc3C2=O)C[C@H](C)O1,ASAP-0015663,Test,6.57,7.61,MultiTaskTutorialDataset_098,6.57,True,5.7697115
MultiTaskTutorialDataset_099,C[C@H]1CN(c2cncc3ccccc23)C(=O)[C@@]12CN(CCN1C[C@H]3CC[C@H](C1)O3)C(=O)c1ccc(Cl)cc12,ASAP-0015666,Test,6.47,7.66,MultiTaskTutorialDataset_099,6.47,True,5.704944
MultiTaskTutorialDataset_100,C[C@H]1CN(c2cncc3ccccc23)C(=O)[C@@]12CN(CCN1C[C@H]3COC[C@H]3C1)C(=O)c1ccc(Cl)cc12,ASAP-0015669,Test,6.65,7.79,MultiTaskTutorialDataset_100,6.65,True,5.836865
MultiTaskTutorialDataset_101,C[C@H]1CN(c2cncc3ccccc23)C(=O)[C@@]12CN(CCN1C[C@H]3C[C@@H]1CO3)C(=O)c1ccc(Cl)cc12,ASAP-0015672,Test,6.71,7.89,MultiTaskTutorialDataset_101,6.71,True,5.874446
MultiTaskTutorialDataset_102,C[C@@H]1CN(CCN2C[C@@]3(C(=O)N(c4cncc5ccccc45)C[C@@H]3C)c3cc(Cl)ccc3C2=O)CCO1,ASAP-0015677,Test,6.72,7.64,MultiTaskTutorialDataset_102,6.72,True,5.8167996
MultiTaskTutorialDataset_103,C[C@@H]1CN(CCN2C[C@@]3(C(=O)N(c4cncc5ccccc45)C[C@@H]3C)c3cc(Cl)ccc3C2=O)C[C@@H](C)O1,ASAP-0015679,Test,6.41,7.52,MultiTaskTutorialDataset_103,6.41,True,5.7697115
MultiTaskTutorialDataset_104,CNCCN1C[C@@]2(C(=O)N(c3cncc4ccccc34)C[C@@H]2COCC2CC2)c2cc(Cl)ccc2C1=O,ASAP-0015773,Test,6.05,7.94,MultiTaskTutorialDataset_104,6.05,True,5.777794
MultiTaskTutorialDataset_105,CNCCN1C[C@@]2(C(=O)N(c3cncc4ccccc34)C[C@@H]2CS(=O)(=O)N(C)C)c2cc(Cl)ccc2C1=O,ASAP-0015777,Test,4.75,7.12,MultiTaskTutorialDataset_105,4.75,True,5.855282
MultiTaskTutorialDataset_106,C[C@H]1CN(c2cncc3ccccc23)C(=O)[C@@]12CN(C1CCNCC1)C(=O)c1ccc(Cl)cc12,ASAP-0015900,Test,6.33,7.62,MultiTaskTutorialDataset_106,6.33,True,5.6638155
MultiTaskTutorialDataset_107,O=C1c2ccc(Cl)cc2[C@@]2(CN1CC1COC1)C(=O)N(c1cncc3ccccc13)C[C@@H]2CNc1ccncn1,ASAP-0015904,Test,7.04,7.59,MultiTaskTutorialDataset_107,7.04,True,6.0009437
MultiTaskTutorialDataset_108,Cc1nnc(CN2C[C@@]3(C(=O)N(c4cncc5ccccc45)C[C@@H]3CNc3ccncn3)c3cc(Cl)ccc3C2=O)o1,ASAP-0015906,Test,6.77,7.54,MultiTaskTutorialDataset_108,6.77,True,6.2181945
MultiTaskTutorialDataset_109,C=CC(=O)N1CCCc2ccc(N(Cc3cccc(Cl)c3)C(=O)Cc3cncc4ccccc34)cc21,ASAP-0016094,Test,6.16,7.74,MultiTaskTutorialDataset_109,6.16,True,5.2971883
MultiTaskTutorialDataset_110,CNC(=O)CN1C[C@@]2(C(=O)N(c3cncc4ccccc34)C[C@@H]2N)c2cc(Cl)ccc2C1=O,ASAP-0016508,Test,5.69,7.29,MultiTaskTutorialDataset_110,5.69,False,5.1977563
MultiTaskTutorialDataset_111,O=C1c2ccc(Cl)cc2[C@@]2(CN1Cc1ccnnc1)C(=O)N(c1cncc3ccccc13)C[C@@H]2CNc1ccncn1,ASAP-0016539,Test,7.29,8.02,MultiTaskTutorialDataset_111,7.29,True,6.2155676
MultiTaskTutorialDataset_112,CNC(=O)CN1C[C@@]2(C(=O)N(c3cncc4ccccc34)C[C@@H]2COCC2CC2)c2cc(Cl)ccc2C1=O,ASAP-0016541,Test,5.86,7.88,MultiTaskTutorialDataset_112,5.86,True,5.433543
MultiTaskTutorialDataset_113,C[C@H]1CN(c2cncc3ccccc23)C(=O)[C@@]12CN(CCN1CCC1)C(=O)c1ccc(Cl)cc12,ASAP-0016542,Test,6.03,7.4,MultiTaskTutorialDataset_113,6.03,True,5.769972
MultiTaskTutorialDataset_114,CNC(=O)CN1C[C@@]2(C(=O)N(c3cncc4ccccc34)C[C@@H]2NC(C)C)c2cc(Cl)ccc2C1=O,ASAP-0016543,Test,5.18,6.71,MultiTaskTutorialDataset_114,5.18,False,5.39799
MultiTaskTutorialDataset_115,C[C@@H]1CN(CCN2C[C@@]3(C(=O)N(c4cncc5ccccc45)C[C@@H]3C)c3cc(Cl)ccc3C2=O)C[C@H](C)O1,ASAP-0016591,Test,6.49,7.57,MultiTaskTutorialDataset_115,6.49,True,5.7697115
MultiTaskTutorialDataset_116,CNC(=O)CN1C[C@@]2(C(=O)N(c3cncc4ccccc34)C[C@@H]2NC)c2cc(Cl)ccc2C1=O,ASAP-0016592,Test,5.97,8.07,MultiTaskTutorialDataset_116,5.97,False,5.2743254
MultiTaskTutorialDataset_117,CNC(=O)CN1C[C@@]2(C(=O)N(c3cncc4ccccc34)C[C@@H]2NS(C)(=O)=O)c2cc(Cl)ccc2C1=O,ASAP-0016838,Test,4.75,6.26,MultiTaskTutorialDataset_117,4.75,False,5.2743254
MultiTaskTutorialDataset_118,CNC(=O)CN1C[C@@]2(C(=O)N(c3cncc4ccccc34)C[C@@H]2NCC2CC2)c2cc(Cl)ccc2C1=O,ASAP-0016902,Test,5.89,8.65,MultiTaskTutorialDataset_118,5.89,False,5.3079567
MultiTaskTutorialDataset_119,COC(=O)N[C@H](C(=O)N1C[C@H](C(F)(F)F)C[C@H]1C(=O)N[C@H](C#N)C[C@@H]1CCNC1=O)C(C)(C)C,ASAP-0016973,Test,4.37,4.35,MultiTaskTutorialDataset_119,4.37,False,5.0604753
MultiTaskTutorialDataset_120,COC(=O)N[C@H](C(=O)N1C[C@H](C(F)(F)F)C[C@H]1C(=O)N[C@H](C#N)C[C@@H]1CCNC1=O)C(C)(C)C,ASAP-0016974,Test,7.18,8.68,MultiTaskTutorialDataset_120,7.18,False,5.0604753
MultiTaskTutorialDataset_121,O=C1c2ccc(Cl)cc2[C@@]2(CN1Cc1nnco1)C(=O)N(c1cncc3ccccc13)C[C@@H]2CNc1ncncn1,ASAP-0017058,Test,6.81,7.3,MultiTaskTutorialDataset_121,6.81,True,6.2122045
MultiTaskTutorialDataset_122,CCO[C@H]1CN(c2cncc3ccccc23)C(=O)[C@@]12CN(CC(=O)NC)C(=O)c1ccc(Cl)cc12,ASAP-0017386,Test,5.57,7.37,MultiTaskTutorialDataset_122,5.57,False,5.2703724
MultiTaskTutorialDataset_123,O=C1c2ccc(Cl)cc2[C@@]2(CN1Cc1ccnnc1)C(=O)N(c1cncc3ccccc13)C[C@@H]2CNc1nncs1,ASAP-0017647,Test,7.6,8.62,MultiTaskTutorialDataset_123,7.6,True,6.0733037
MultiTaskTutorialDataset_124,CNC(=O)CN1C[C@]2(C(=O)N(c3cncc4ccccc34)C[C@H]2OCC2CC2)c2cc(Cl)ccc2C1=O,ASAP-0017685,Test,5.48,8.28,MultiTaskTutorialDataset_124,5.48,False,5.2568917
MultiTaskTutorialDataset_125,COC(=O)N[C@H](C(=O)N1C[C@H](C(F)(F)F)C[C@H]1C(=O)N[C@H](C#N)C[C@@H]1CCNC1=O)C(C)(C)C,ASAP-0017714,Test,7.16,8.64,MultiTaskTutorialDataset_125,7.16,False,5.0604753
MultiTaskTutorialDataset_126,CNC(=O)CN1C[C@@]2(C(=O)N(c3cncc4ccccc34)C[C@@H]2NC(C)=O)c2cc(Cl)ccc2C1=O,ASAP-0020941,Test,4.26,5.88,MultiTaskTutorialDataset_126,4.26,False,5.2743254
MultiTaskTutorialDataset_127,CCS(=O)(=O)N[C@H]1CN(c2cncc3ccccc23)C(=O)[C@@]12CN(CC(=O)NC)C(=O)c1ccc(Cl)cc12,ASAP-0021174,Test,4.28,6.87,MultiTaskTutorialDataset_127,4.28,False,5.3981323
MultiTaskTutorialDataset_128,Cc1nnc(Sc2cc(-c3ccccc3)nc3ncnn23)n1C,ASAP-0022922,Test,5.56,5.2,MultiTaskTutorialDataset_128,5.56,True,5.0120234
MultiTaskTutorialDataset_129,Cc1cc(Sc2nnc(-c3ccc(Cl)cc3)n2C)n2ncnc2n1,ASAP-0023179,Test,4.99,,MultiTaskTutorialDataset_129,4.99,False,4.8449254
MultiTaskTutorialDataset_130,O=C1c2ccc(Cl)cc2[C@@]2(CN1CC1CNC1)C(=O)N(c1cncc3ccccc13)C[C@@H]2CNc1nccs1,ASAP-0027780,Test,7.0,8.09,MultiTaskTutorialDataset_130,7.0,True,6.1849413
MultiTaskTutorialDataset_131,COc1ccc(N(Cc2cccc(Cl)c2)C(=O)Cc2cccnc2)cc1,ASAP-0027924,Test,4.51,4.99,MultiTaskTutorialDataset_131,4.51,True,4.6367064
MultiTaskTutorialDataset_132,C[C@H]1COCCN(C(=O)Cc2cncc3ccccc23)C1,ASAP-0027927,Test,4.3,,MultiTaskTutorialDataset_132,4.3,True,4.554285
MultiTaskTutorialDataset_133,C[C@H]1CCCN1C(=O)Cc1cncc2ccccc12,ASAP-0027930,Test,4.72,,MultiTaskTutorialDataset_133,4.72,True,4.880526
MultiTaskTutorialDataset_134,O=C(Cc1cncc2ccccc12)N1CCOCC1,ASAP-0027942,Test,4.26,,MultiTaskTutorialDataset_134,4.26,True,4.267331
MultiTaskTutorialDataset_135,C[C@H]1COCCCN1C(=O)Cc1cncc2ccccc12,ASAP-0027948,Test,4.32,,MultiTaskTutorialDataset_135,4.32,True,4.7339773
MultiTaskTutorialDataset_136,C[C@H]1CCCCCN1C(=O)Cc1cncc2ccccc12,ASAP-0027949,Test,4.64,4.9,MultiTaskTutorialDataset_136,4.64,True,4.8650856
MultiTaskTutorialDataset_137,C[C@H]1CCCCN(C(=O)Cc2cncc3ccccc23)C1,ASAP-0027969,Test,4.03,4.87,MultiTaskTutorialDataset_137,4.03,True,4.8373556
MultiTaskTutorialDataset_138,O=C(Cc1cncc2ccccc12)N1CCc2[nH]cnc2C1,ASAP-0027975,Test,4.36,4.83,MultiTaskTutorialDataset_138,4.36,False,4.677664
MultiTaskTutorialDataset_139,O=C(Cc1cncc2ccccc12)N1CCc2sccc2C1,ASAP-0027976,Test,5.21,6.27,MultiTaskTutorialDataset_139,5.21,False,4.584658
MultiTaskTutorialDataset_140,C[C@H]1COCCN1C(=O)Cc1cncc2ccccc12,ASAP-0027986,Test,4.3,,MultiTaskTutorialDataset_140,4.3,True,4.6572266
MultiTaskTutorialDataset_141,C[C@H]1CCCN(C(=O)Cc2cncc3ccccc23)CC1,ASAP-0027994,Test,5.13,5.7,MultiTaskTutorialDataset_141,5.13,True,4.80315
MultiTaskTutorialDataset_142,O=C(Cc1cncc2ccccc12)N1CCCCCC1,ASAP-0027997,Test,4.51,4.74,MultiTaskTutorialDataset_142,4.51,True,4.8188267
MultiTaskTutorialDataset_143,COc1ccc(N(Cc2cccc(Cl)c2)C(=O)Cc2cncc(C)c2)cc1,ASAP-0028001,Test,5.11,5.78,MultiTaskTutorialDataset_143,5.11,True,5.216072
MultiTaskTutorialDataset_144,O=C(Cc1cncc2ccccc12)N(Cc1cccc(Cl)c1)c1ccc2cc[nH]c2c1,ASAP-0028002,Test,5.63,6.23,MultiTaskTutorialDataset_144,5.63,True,5.1152635
MultiTaskTutorialDataset_145,C[C@H]1CCCN(C(=O)Cc2cncc3ccccc23)C1,ASAP-0028004,Test,3.99,4.63,MultiTaskTutorialDataset_145,3.99,True,4.6220555
MultiTaskTutorialDataset_146,C[C@H]1CCCCN1C(=O)Cc1cncc2ccccc12,ASAP-0028012,Test,4.42,4.37,MultiTaskTutorialDataset_146,4.42,True,4.972028
MultiTaskTutorialDataset_147,C[C@H]1CN(C(=O)Cc2cncc3ccccc23)CCO1,ASAP-0028804,Test,4.24,4.09,MultiTaskTutorialDataset_147,4.24,True,4.53851
MultiTaskTutorialDataset_148,O=C(Cc1cncc2ccccc12)N1CCC1,ASAP-0028810,Test,4.22,,MultiTaskTutorialDataset_148,4.22,False,4.7148757
MultiTaskTutorialDataset_149,O=C(Cc1cncc2ccccc12)N1CCn2nccc2C1,ASAP-0028815,Test,4.28,4.16,MultiTaskTutorialDataset_149,4.28,False,4.9489346
MultiTaskTutorialDataset_150,Cc1nc2ccc(N(Cc3cccc(Cl)c3)C(=O)Cc3cncc4ccccc34)cc2[nH]1,ASAP-0028818,Test,5.92,6.47,MultiTaskTutorialDataset_150,5.92,True,5.511853
MultiTaskTutorialDataset_151,C[C@H]1c2ccsc2CCN1C(=O)Cc1cncc2ccccc12,ASAP-0028819,Test,4.65,5.12,MultiTaskTutorialDataset_151,4.65,True,4.8934345
MultiTaskTutorialDataset_152,C[C@H]1c2ccsc2CCN1C(=O)Cc1cncc2ccccc12,ASAP-0028820,Test,5.52,6.51,MultiTaskTutorialDataset_152,5.52,True,4.8934345
MultiTaskTutorialDataset_153,O=C(Cc1cncc2ccccc12)N1CCc2c(Cl)cccc2C1,ASAP-0028823,Test,4.49,6.39,MultiTaskTutorialDataset_153,4.49,False,4.525732
MultiTaskTutorialDataset_154,C[C@H]1CCN(C(=O)Cc2cncc3ccccc23)C1,ASAP-0028829,Test,4.09,4.44,MultiTaskTutorialDataset_154,4.09,True,4.9007235
MultiTaskTutorialDataset_155,C[C@H]1CCN1C(=O)Cc1cncc2ccccc12,ASAP-0028830,Test,4.24,,MultiTaskTutorialDataset_155,4.24,True,5.046909
MultiTaskTutorialDataset_156,COc1ccc(N(Cc2cccc(Cl)c2)C(=O)Cc2cnccc2C)cc1,ASAP-0028832,Test,4.79,5.44,MultiTaskTutorialDataset_156,4.79,True,4.9883304
MultiTaskTutorialDataset_157,O=C(Cc1cncc2ccccc12)N1CCCn2nccc2C1,ASAP-0028833,Test,4.32,4.11,MultiTaskTutorialDataset_157,4.32,False,4.8749094
MultiTaskTutorialDataset_158,CC[C@H]1c2ccsc2CCN1C(=O)Cc1cncc2ccccc12,ASAP-0028837,Test,5.8,6.87,MultiTaskTutorialDataset_158,5.8,True,4.9910603
MultiTaskTutorialDataset_159,CC[C@H]1c2ccsc2CCN1C(=O)Cc1cncc2ccccc12,ASAP-0028838,Test,4.64,5.18,MultiTaskTutorialDataset_159,4.64,True,4.9910603
MultiTaskTutorialDataset_160,O=C(Cc1cncc2ccccc12)N1CCCC1,ASAP-0028841,Test,4.3,,MultiTaskTutorialDataset_160,4.3,True,4.8188267
MultiTaskTutorialDataset_161,O=C(Cc1cncc2ccccc12)N1CCCOCC1,ASAP-0028843,Test,4.3,,MultiTaskTutorialDataset_161,4.3,False,4.4522595
MultiTaskTutorialDataset_162,Cc1nc2c(n1C)CCN(C(=O)Cc1cncc3ccccc13)C2,ASAP-0028844,Test,4.26,4.4,MultiTaskTutorialDataset_162,4.26,False,4.8902564
MultiTaskTutorialDataset_163,Cn1cnc2c1CCN(C(=O)Cc1cncc3ccccc13)C2,ASAP-0028855,Test,3.91,5.01,MultiTaskTutorialDataset_163,3.91,False,4.7641068
MultiTaskTutorialDataset_164,CC1CCN(C(=O)Cc2cncc3ccccc23)CC1,ASAP-0028856,Test,5.51,5.73,MultiTaskTutorialDataset_164,5.51,True,4.9376793
MultiTaskTutorialDataset_165,CC1CN(C(=O)Cc2cncc3ccccc23)C1,ASAP-0028866,Test,4.41,,MultiTaskTutorialDataset_165,4.41,True,4.6909738
MultiTaskTutorialDataset_166,O=C(Cc1cncc2ccccc12)N1CCCCC1,ASAP-0028867,Test,4.11,4.22,MultiTaskTutorialDataset_166,4.11,True,4.8188267
MultiTaskTutorialDataset_167,C[C@H]1CCN(C(=O)Cc2cncc3ccccc23)CCO1,ASAP-0028872,Test,3.75,4.35,MultiTaskTutorialDataset_167,3.75,True,4.8724537
MultiTaskTutorialDataset_168,C[C@H]1CN(C(=O)Cc2cncc3ccccc23)CCCO1,ASAP-0028881,Test,4.23,,MultiTaskTutorialDataset_168,4.23,True,4.7050242
MultiTaskTutorialDataset_169,C[C@H]1CCOCCN1C(=O)Cc1cncc2ccccc12,ASAP-0028889,Test,4.33,,MultiTaskTutorialDataset_169,4.33,True,4.7595987
MultiTaskTutorialDataset_170,O=C(Cc1cncc2ccccc12)N(Cc1cccc(Cl)c1)c1ccc2nc[nH]c2c1,ASAP-0028999,Test,5.64,6.21,MultiTaskTutorialDataset_170,5.64,True,5.1152635
MultiTaskTutorialDataset_171,CC(C)CC1(C)CCN(C(=O)Cc2cncc3ccccc23)CC1,ASAP-0029287,Test,5.36,6.47,MultiTaskTutorialDataset_171,5.36,True,4.9510584
MultiTaskTutorialDataset_172,CC(F)(F)C1CCN(C(=O)Cc2cncc3ccccc23)CC1,ASAP-0029423,Test,4.58,6.23,MultiTaskTutorialDataset_172,4.58,True,4.9253254
MultiTaskTutorialDataset_173,O=C(Cc1cncc2ccccc12)N1CCC(C(F)F)CC1,ASAP-0029539,Test,5.09,5.92,MultiTaskTutorialDataset_173,5.09,True,4.7147975
MultiTaskTutorialDataset_174,Cc1nccc(CN2C[C@@]3(C(=O)N(c4cncc5ccccc45)C[C@@H]3CNc3nncs3)c3cc(Cl)ccc3C2=O)n1,ASAP-0029560,Test,7.4,8.6,MultiTaskTutorialDataset_174,7.4,True,6.186563
MultiTaskTutorialDataset_175,CC(C)C1CCN(C(=O)Cc2cncc3ccccc23)CC1,ASAP-0029604,Test,5.56,6.33,MultiTaskTutorialDataset_175,5.56,True,4.932147
MultiTaskTutorialDataset_176,C[C@H]1C[C@@H](C)N(C(=O)Cc2cncc3ccccc23)[C@@H](C)C1,ASAP-0029634,Test,5.49,5.87,MultiTaskTutorialDataset_176,5.49,True,4.8747263
MultiTaskTutorialDataset_177,Cc1nccc(CN2C[C@@]3(C(=O)N(c4cncc5ccccc45)C[C@@H]3CNc3nnc(C)o3)c3cc(Cl)ccc3C2=O)n1,ASAP-0029643,Test,6.89,7.75,MultiTaskTutorialDataset_177,6.89,True,6.207408
MultiTaskTutorialDataset_178,CCC1CCN(C(=O)Cc2cncc3ccccc23)CC1,ASAP-0029657,Test,5.44,6.04,MultiTaskTutorialDataset_178,5.44,True,4.905449
MultiTaskTutorialDataset_179,Cc1nccc(CN2C[C@@]3(C(=O)N(c4cncc5ccccc45)C[C@@H]3CNc3nnco3)c3cc(Cl)ccc3C2=O)n1,ASAP-0029694,Test,7.4,8.64,MultiTaskTutorialDataset_179,7.4,True,6.207408
MultiTaskTutorialDataset_180,CC1(C)CCN(C(=O)Cc2cncc3ccccc23)CC1,ASAP-0029707,Test,5.14,5.66,MultiTaskTutorialDataset_180,5.14,True,4.9510584
MultiTaskTutorialDataset_181,C[C@@H]1CCN(C(=O)Cc2cncc3ccccc23)[C@H](C)C1,ASAP-0029738,Test,5.57,5.68,MultiTaskTutorialDataset_181,5.57,True,5.0472255
MultiTaskTutorialDataset_182,Cc1nccc(CN2C[C@@]3(C(=O)N(c4cncc5ccccc45)C[C@@H]3CNc3nnc(C(F)(F)F)o3)c3cc(Cl)ccc3C2=O)n1,ASAP-0029741,Test,6.96,7.89,MultiTaskTutorialDataset_182,6.96,True,6.3055434
MultiTaskTutorialDataset_183,O=C(Cc1cncc2ccccc12)N1CCC(C(F)(F)F)CC1,ASAP-0029947,Test,5.37,6.55,MultiTaskTutorialDataset_183,5.37,True,4.6709976
MultiTaskTutorialDataset_184,O=C1c2ccc(Cl)cc2[C@@]2(CN1Cc1cc[nH]n1)C(=O)N(c1cncc3ccccc13)C[C@@H]2CNc1nncs1,ASAP-0029984,Test,6.73,8.24,MultiTaskTutorialDataset_184,6.73,True,6.279849
MultiTaskTutorialDataset_185,O=C1c2ccc(Cl)cc2[C@@]2(CN1Cc1cc[nH]n1)C(=O)N(c1cncc3ccccc13)C[C@@H]2CNc1nnc(C(F)(F)F)o1,ASAP-0029987,Test,6.69,7.67,MultiTaskTutorialDataset_185,6.69,True,6.3737106
MultiTaskTutorialDataset_186,COCC1CCN(C(=O)Cc2cncc3ccccc23)CC1,ASAP-0030055,Test,3.87,4.89,MultiTaskTutorialDataset_186,3.87,True,4.339213
MultiTaskTutorialDataset_187,CC(C)C1(F)CCN(C(=O)Cc2cncc3ccccc23)CC1,ASAP-0031146,Test,5.56,6.21,MultiTaskTutorialDataset_187,5.56,True,4.936743
MultiTaskTutorialDataset_188,CCc1ccc([C@H]2C[C@H](C)CCN2C(=O)Cc2cncc3ccccc23)o1,ASAP-0031187,Test,6.16,6.57,MultiTaskTutorialDataset_188,6.16,True,5.192123
MultiTaskTutorialDataset_189,Cc1cncc(CC(=O)N2CCc3sccc3C2)c1,ASAP-0031213,Test,4.07,5.3,MultiTaskTutorialDataset_189,4.07,False,4.5518756
MultiTaskTutorialDataset_190,O=C(Cc1cncc2ccccc12)N1CCc2scnc2C1,ASAP-0031242,Test,4.63,5.92,MultiTaskTutorialDataset_190,4.63,False,4.400651
MultiTaskTutorialDataset_191,CC(C)C1(C)CCN(C(=O)Cc2cncc3ccccc23)CC1,ASAP-0031372,Test,4.85,6.13,MultiTaskTutorialDataset_191,4.85,True,4.9510584
MultiTaskTutorialDataset_192,O=C(Cc1cncc2ccccc12)N1CCc2sccc2C12CCC2,ASAP-0031411,Test,5.63,7.14,MultiTaskTutorialDataset_192,5.63,False,4.2974534
MultiTaskTutorialDataset_193,CC1(CC(F)(F)F)CCN(C(=O)Cc2cncc3ccccc23)CC1,ASAP-0031442,Test,4.48,5.81,MultiTaskTutorialDataset_193,4.48,True,4.9782166
MultiTaskTutorialDataset_194,CC(C)[C@H]1c2ccsc2CCN1C(=O)Cc1cncc2ccccc12,ASAP-0031558,Test,5.62,7.08,MultiTaskTutorialDataset_194,5.62,True,5.0545783
MultiTaskTutorialDataset_195,CC(C)CNS(=O)(=O)OCC(=O)N1CCN(Cc2cccc(Cl)c2)[C@H]2CS(=O)(=O)C[C@H]21,ASAP-0031921,Test,5.47,5.35,MultiTaskTutorialDataset_195,5.47,False,4.5383854
MultiTaskTutorialDataset_196,CC(C)CC1(C(F)(F)F)CCN(C(=O)Cc2cncc3ccccc23)CC1,ASAP-0031922,Test,5.46,7.06,MultiTaskTutorialDataset_196,5.46,True,5.006257
MultiTaskTutorialDataset_197,CC(C)NS(=O)(=O)OCC(=O)N1CCN(Cc2cccc(Cl)c2)[C@H]2CS(=O)(=O)C[C@H]21,ASAP-0031924,Test,4.91,5.51,MultiTaskTutorialDataset_197,4.91,False,4.6250415
MultiTaskTutorialDataset_198,CNC(=O)C[C@H]1CCCN(C(=O)Cc2cncc3ccccc23)C1,ASAP-0031928,Test,4.21,,MultiTaskTutorialDataset_198,4.21,True,4.789921
MultiTaskTutorialDataset_199,COC[C@H]1c2ccsc2CCN1C(=O)Cc1cncc2ccccc12,ASAP-0031934,Test,4.8,5.42,MultiTaskTutorialDataset_199,4.8,True,5.028869
MultiTaskTutorialDataset_200,COC[C@H]1c2ccsc2CCN1C(=O)Cc1cncc2ccccc12,ASAP-0031935,Test,5.5,6.58,MultiTaskTutorialDataset_200,5.5,True,5.028869
MultiTaskTutorialDataset_201,CCNS(=O)(=O)OCC(=O)N1CCN(Cc2cccc(Cl)c2)[C@H]2CS(=O)(=O)C[C@H]21,ASAP-0031945,Test,4.21,6.67,MultiTaskTutorialDataset_201,4.21,False,4.6250415
MultiTaskTutorialDataset_202,O=C(Cc1cncc2ccccc12)N1CC[C@@H]2CCCC[C@@H]2C1,ASAP-0031946,Test,5.21,5.82,MultiTaskTutorialDataset_202,5.21,True,4.728256
MultiTaskTutorialDataset_203,O=C(O)C[C@@H]1CCCN(C(=O)Cc2cncc3ccccc23)C1,ASAP-0031948,Test,8.8,,MultiTaskTutorialDataset_203,8.8,True,4.235975
MultiTaskTutorialDataset_204,NC(=O)O[C@@H]1CCCN(C(=O)Cc2cncc3ccccc23)C1,ASAP-0031949,Test,4.28,,MultiTaskTutorialDataset_204,4.28,True,4.7369742
MultiTaskTutorialDataset_205,COC(=O)[C@@H]1CCCN(C(=O)Cc2cncc3ccccc23)C1,ASAP-0031951,Test,4.28,,MultiTaskTutorialDataset_205,4.28,True,4.4799156
MultiTaskTutorialDataset_206,O=C(O)C[C@H]1CCCCN1C(=O)Cc1cncc2ccccc12,ASAP-0031952,Test,3.42,,MultiTaskTutorialDataset_206,3.42,True,4.4514976
MultiTaskTutorialDataset_207,CN(C)C(=O)[C@H]1CCCN(C(=O)Cc2cncc3ccccc23)C1,ASAP-0031960,Test,4.21,4.55,MultiTaskTutorialDataset_207,4.21,True,5.062737
MultiTaskTutorialDataset_208,COC(=O)[C@H]1CCCN(C(=O)Cc2cncc3ccccc23)C1,ASAP-0031961,Test,4.32,4.49,MultiTaskTutorialDataset_208,4.32,True,4.4799156
MultiTaskTutorialDataset_209,CNC(=O)C[C@@H]1CCCCN1C(=O)Cc1cncc2ccccc12,ASAP-0031964,Test,4.35,4.34,MultiTaskTutorialDataset_209,4.35,True,4.715229
MultiTaskTutorialDataset_210,CN(C)C(=O)CN(Cc1cccc(Cl)c1)C(=O)Cc1cncc2ccccc12,ASAP-0031969,Test,4.73,5.21,MultiTaskTutorialDataset_210,4.73,True,4.6876545
MultiTaskTutorialDataset_211,CNC(=O)[C@@H]1CCCN(C(=O)Cc2cncc3ccccc23)C1,ASAP-0031973,Test,4.34,,MultiTaskTutorialDataset_211,4.34,True,4.7750115
MultiTaskTutorialDataset_212,CC(C)[C@H]1CCCN(C(=O)Cc2cncc3ccccc23)C1,ASAP-0031980,Test,4.27,5.68,MultiTaskTutorialDataset_212,4.27,True,4.6165233
MultiTaskTutorialDataset_213,CC(C)[C@H]1CCCN(C(=O)Cc2cncc3ccccc23)C1,ASAP-0031981,Test,4.94,4.58,MultiTaskTutorialDataset_213,4.94,True,4.6165233
MultiTaskTutorialDataset_214,C[C@H](C(=O)N1CCc2sccc2C1)c1cncc2ccccc12,ASAP-0031982,Test,4.2,,MultiTaskTutorialDataset_214,4.2,False,4.6198378
MultiTaskTutorialDataset_215,C[C@H](C(=O)N1CCc2sccc2C1)c1cncc2ccccc12,ASAP-0031983,Test,9.0,,MultiTaskTutorialDataset_215,9.0,False,4.6198378
MultiTaskTutorialDataset_216,C[C@H]1c2cccnc2CCN1C(=O)Cc1cncc2ccccc12,ASAP-0032038,Test,4.27,4.37,MultiTaskTutorialDataset_216,4.27,True,4.4982557
MultiTaskTutorialDataset_217,C[C@H]1c2cccnc2CCN1C(=O)Cc1cncc2ccccc12,ASAP-0032039,Test,4.28,4.19,MultiTaskTutorialDataset_217,4.28,True,4.4982557
MultiTaskTutorialDataset_218,C[C@H]1C[C@H](C(C)(F)F)CCN1C(=O)Cc1cncc2ccccc12,ASAP-0032061,Test,4.91,6.2,MultiTaskTutorialDataset_218,4.91,True,5.082762
MultiTaskTutorialDataset_219,C=CC[C@H]1CCCN(C(=O)Cc2cncc3ccccc23)C1,ASAP-0032065,Test,4.06,4.64,MultiTaskTutorialDataset_219,4.06,True,4.6374335
MultiTaskTutorialDataset_220,C=CC[C@H]1CCCN(C(=O)Cc2cncc3ccccc23)C1,ASAP-0032066,Test,4.35,5.33,MultiTaskTutorialDataset_220,4.35,True,4.6374335
MultiTaskTutorialDataset_221,CC[C@H]1CCCN(C(=O)Cc2cncc3ccccc23)C1,ASAP-0032096,Test,4.41,5.28,MultiTaskTutorialDataset_221,4.41,True,4.692259
MultiTaskTutorialDataset_222,CC[C@H]1CCCN(C(=O)Cc2cncc3ccccc23)C1,ASAP-0032097,Test,3.8,4.34,MultiTaskTutorialDataset_222,3.8,True,4.692259
MultiTaskTutorialDataset_223,O=C(O)C[C@@H]1CCCCN1C(=O)Cc1cncc2ccccc12,ASAP-0032098,Test,4.25,,MultiTaskTutorialDataset_223,4.25,True,4.4514976
MultiTaskTutorialDataset_224,NC(=O)[C@@H]1CCCN(C(=O)Cc2cncc3ccccc23)C1,ASAP-0032104,Test,4.22,,MultiTaskTutorialDataset_224,4.22,True,4.539998
MultiTaskTutorialDataset_225,CC(C)(O)[C@H]1CCCN(C(=O)Cc2cncc3ccccc23)C1,ASAP-0032107,Test,4.26,4.55,MultiTaskTutorialDataset_225,4.26,True,4.3646717
MultiTaskTutorialDataset_226,O=C(Cc1cncc2ccccc12)N1CCc2sccc2[C@H]1c1ccccc1,ASAP-0032122,Test,5.2,5.65,MultiTaskTutorialDataset_226,5.2,True,4.8204603
MultiTaskTutorialDataset_227,O=C(Cc1cncc2ccccc12)N1CCc2sccc2[C@H]1c1ccccc1,ASAP-0032123,Test,5.59,7.01,MultiTaskTutorialDataset_227,5.59,True,4.8204603
MultiTaskTutorialDataset_228,CC(C)c1ccc([C@H]2CCCCN2C(=O)Cc2cncc3ccccc23)cc1,ASAP-0032153,Test,5.59,4.82,MultiTaskTutorialDataset_228,5.59,True,4.7863193
MultiTaskTutorialDataset_229,COC[C@H]1CCCCN1C(=O)Cc1cncc2ccccc12,ASAP-0032154,Test,3.98,4.09,MultiTaskTutorialDataset_229,3.98,True,4.674727
MultiTaskTutorialDataset_230,COC[C@H]1CCCCN1C(=O)Cc1cncc2ccccc12,ASAP-0032155,Test,4.54,4.44,MultiTaskTutorialDataset_230,4.54,True,4.674727
MultiTaskTutorialDataset_231,O=C(Cc1cncc2ccccc12)N1CCC[C@H](CF)C1,ASAP-0032158,Test,3.84,4.53,MultiTaskTutorialDataset_231,3.84,True,4.4754763
MultiTaskTutorialDataset_232,O=C(Cc1cncc2ccccc12)N1CCC[C@H](CF)C1,ASAP-0032159,Test,4.46,,MultiTaskTutorialDataset_232,4.46,True,4.4754763
MultiTaskTutorialDataset_233,CCc1cc([C@H]2CCCCN2C(=O)Cc2cncc3ccccc23)on1,ASAP-0032161,Test,4.5,4.54,MultiTaskTutorialDataset_233,4.5,True,5.070832
MultiTaskTutorialDataset_234,COCC1(CC2CC2)CCN(C(=O)Cc2cncc3ccccc23)CC1,ASAP-0032167,Test,4.31,4.92,MultiTaskTutorialDataset_234,4.31,True,4.1280985
MultiTaskTutorialDataset_235,Cc1cccc([C@H]2CCCCN2C(=O)Cc2cncc3ccccc23)c1C,ASAP-0032168,Test,5.82,5.36,MultiTaskTutorialDataset_235,5.82,True,4.851513
MultiTaskTutorialDataset_236,COC[C@H]1CCCN(C(=O)Cc2cncc3ccccc23)C1,ASAP-0032174,Test,4.26,4.14,MultiTaskTutorialDataset_236,4.26,True,4.500628
MultiTaskTutorialDataset_237,COC[C@H]1CCCN(C(=O)Cc2cncc3ccccc23)C1,ASAP-0032175,Test,4.27,,MultiTaskTutorialDataset_237,4.27,True,4.500628
MultiTaskTutorialDataset_238,COCc1cccc([C@H]2CCCCN2C(=O)Cc2cncc3ccccc23)c1,ASAP-0032180,Test,5.07,5.06,MultiTaskTutorialDataset_238,5.07,True,4.777711
MultiTaskTutorialDataset_239,C#Cc1ccc([C@H]2CCCCN2C(=O)Cc2cncc3ccccc23)cc1,ASAP-0032181,Test,5.66,4.85,MultiTaskTutorialDataset_239,5.66,True,5.023389
MultiTaskTutorialDataset_240,O=C(Cc1cncc2ccccc12)N1CCCC[C@H]1c1ccccc1F,ASAP-0032183,Test,5.17,5.19,MultiTaskTutorialDataset_240,5.17,True,4.53841
MultiTaskTutorialDataset_241,O=C(Cc1cncc2ccccc12)N1CCC[C@H](CCF)C1,ASAP-0032184,Test,4.06,5.16,MultiTaskTutorialDataset_241,4.06,True,4.555388
MultiTaskTutorialDataset_242,O=C(Cc1cncc2ccccc12)N1CCC[C@H](CCF)C1,ASAP-0032185,Test,4.63,4.36,MultiTaskTutorialDataset_242,4.63,True,4.555388
MultiTaskTutorialDataset_243,O=C(Cc1cncc2ccccc12)N1CCCC[C@H]1c1ccc(F)cc1F,ASAP-0032189,Test,5.0,5.26,MultiTaskTutorialDataset_243,5.0,True,4.652892
MultiTaskTutorialDataset_244,Cc1cc([C@H]2CCCCN2C(=O)Cc2cncc3ccccc23)on1,ASAP-0032194,Test,4.35,4.49,MultiTaskTutorialDataset_244,4.35,True,5.3168945
MultiTaskTutorialDataset_245,COc1ccccc1[C@H]1CCCCN1C(=O)Cc1cncc2ccccc12,ASAP-0032201,Test,5.05,4.98,MultiTaskTutorialDataset_245,5.05,True,5.105604
MultiTaskTutorialDataset_246,Cn1cncc1[C@H]1CCCCN1C(=O)Cc1cncc2ccccc12,ASAP-0032210,Test,4.44,4.11,MultiTaskTutorialDataset_246,4.44,True,4.951653
MultiTaskTutorialDataset_247,O=C(Cc1cncc2ccccc12)N1CCCC[C@H]1c1nnc[nH]1,ASAP-0032212,Test,4.07,,MultiTaskTutorialDataset_247,4.07,True,4.9876313
MultiTaskTutorialDataset_248,Cn1cccc1[C@H]1CCCCN1C(=O)Cc1cncc2ccccc12,ASAP-0032218,Test,4.73,5.1,MultiTaskTutorialDataset_248,4.73,True,4.7984095
MultiTaskTutorialDataset_249,O=C(Cc1cncc2ccccc12)N1CCCC[C@H]1c1nccs1,ASAP-0032220,Test,4.31,4.55,MultiTaskTutorialDataset_249,4.31,True,4.6463327
MultiTaskTutorialDataset_250,O=C(Cc1cncc2ccccc12)N1CCCC[C@H]1c1cc(Cl)ccc1F,ASAP-0032233,Test,5.01,6.3,MultiTaskTutorialDataset_250,5.01,True,4.7015185
MultiTaskTutorialDataset_251,CC(C)CC[C@H]1CCCCN1C(=O)Cc1cncc2ccccc12,ASAP-0032240,Test,4.7,4.94,MultiTaskTutorialDataset_251,4.7,True,4.956192
MultiTaskTutorialDataset_252,CC(C)CC[C@H]1CCCCN1C(=O)Cc1cncc2ccccc12,ASAP-0032241,Test,5.04,5.31,MultiTaskTutorialDataset_252,5.04,True,4.956192
MultiTaskTutorialDataset_253,C[C@H]1C[C@H](C)CN(C(=O)Cc2cncc3ccccc23)C1,ASAP-0032242,Test,4.95,4.28,MultiTaskTutorialDataset_253,4.95,True,4.8120265
MultiTaskTutorialDataset_254,CC(C)[C@]1(O)CCCN(C(=O)Cc2cncc3ccccc23)C1,ASAP-0032246,Test,4.37,4.31,MultiTaskTutorialDataset_254,4.37,True,4.548149
MultiTaskTutorialDataset_255,COc1ccc([C@H]2CCCCN2C(=O)Cc2cncc3ccccc23)cc1F,ASAP-0032252,Test,5.57,4.85,MultiTaskTutorialDataset_255,5.57,True,4.6579843
MultiTaskTutorialDataset_256,COc1ccccc1[C@H]1CC(C)(C)CCN1C(=O)Cc1cncc2ccccc12,ASAP-0032254,Test,6.31,6.46,MultiTaskTutorialDataset_256,6.31,True,4.867278
MultiTaskTutorialDataset_257,C[C@H]1C[C@@H](C(C)(F)F)CCN1C(=O)Cc1cncc2ccccc12,ASAP-0032256,Test,5.14,5.9,MultiTaskTutorialDataset_257,5.14,True,5.082762
MultiTaskTutorialDataset_258,CC(C)(O)[C@H]1CCCN(C(=O)Cc2cncc3ccccc23)C1,ASAP-0032257,Test,4.25,,MultiTaskTutorialDataset_258,4.25,True,4.3646717
MultiTaskTutorialDataset_259,C[C@H]1CCN(C(=O)Cc2cncc3ccccc23)Cc2ccsc21,ASAP-0032260,Test,5.27,5.9,MultiTaskTutorialDataset_259,5.27,False,4.7942085
MultiTaskTutorialDataset_260,N#CC[C@H]1CCCN(C(=O)Cc2cncc3ccccc23)C1,ASAP-0032261,Test,4.47,4.83,MultiTaskTutorialDataset_260,4.47,True,4.4495883
MultiTaskTutorialDataset_261,O=C(Cc1cncc2ccccc12)N1CCCC[C@H]1C1CCC1,ASAP-0032264,Test,4.41,4.76,MultiTaskTutorialDataset_261,4.41,True,4.3791385
MultiTaskTutorialDataset_262,O=C(Cc1cncc2ccccc12)N1CCCC[C@H]1c1c(F)cccc1F,ASAP-0032266,Test,5.17,6.02,MultiTaskTutorialDataset_262,5.17,True,4.53841
MultiTaskTutorialDataset_263,O=C(Cc1cncc2ccccc12)N1CCCC[C@H]1c1nc2ccccc2o1,ASAP-0032269,Test,4.69,4.58,MultiTaskTutorialDataset_263,4.69,True,4.8014417
MultiTaskTutorialDataset_264,O=C(Cc1cncc2ccccc12)N1CCCC[C@H]1c1ccc(F)c(Cl)c1,ASAP-0032271,Test,5.23,5.58,MultiTaskTutorialDataset_264,5.23,True,4.773799
MultiTaskTutorialDataset_265,Cc1cc([C@H]2CCCCN2C(=O)Cc2cncc3ccccc23)[nH]n1,ASAP-0032277,Test,4.92,4.41,MultiTaskTutorialDataset_265,4.92,True,5.349925
MultiTaskTutorialDataset_266,O=C(Cc1cncc2ccccc12)N1CCC[C@H](C2CCCC2)C1,ASAP-0032278,Test,4.56,4.85,MultiTaskTutorialDataset_266,4.56,True,4.4495883
MultiTaskTutorialDataset_267,O=C(Cc1cncc2ccccc12)N1CCC[C@H](C2CCCC2)C1,ASAP-0032279,Test,5.2,5.58,MultiTaskTutorialDataset_267,5.2,True,4.4495883
MultiTaskTutorialDataset_268,O=C(Cc1cncc2ccccc12)N1CCCC[C@H]1c1cc[nH]n1,ASAP-0032280,Test,4.58,4.38,MultiTaskTutorialDataset_268,4.58,True,4.820097
MultiTaskTutorialDataset_269,O=C(Cc1cncc2ccccc12)N1CCCC[C@H]1c1ccon1,ASAP-0032282,Test,4.49,4.7,MultiTaskTutorialDataset_269,4.49,True,4.23927
MultiTaskTutorialDataset_270,O=C(Cc1cncc2ccccc12)N1CCCC[C@H]1c1cccc(F)c1,ASAP-0032285,Test,5.43,5.85,MultiTaskTutorialDataset_270,5.43,True,4.3943043
MultiTaskTutorialDataset_271,O=C(Cc1cncc2ccccc12)N1CCCC[C@H]1c1ccc(Cl)cc1,ASAP-0032289,Test,5.7,5.19,MultiTaskTutorialDataset_271,5.7,True,4.6472044
MultiTaskTutorialDataset_272,Cc1ccc([C@H]2CCCCN2C(=O)Cc2cncc3ccccc23)cc1,ASAP-0032292,Test,5.54,4.82,MultiTaskTutorialDataset_272,5.54,True,4.8767705
MultiTaskTutorialDataset_273,O=C(Cc1cncc2ccccc12)N1CCCC[C@H]1c1ccc(F)cn1,ASAP-0032295,Test,4.55,5.09,MultiTaskTutorialDataset_273,4.55,True,4.2393055
MultiTaskTutorialDataset_274,O=C(Cc1cncc2ccccc12)N1CCCC[C@H]1c1ccncn1,ASAP-0032300,Test,4.45,5.08,MultiTaskTutorialDataset_274,4.45,True,4.6770325
MultiTaskTutorialDataset_275,C[C@H]1CCCN(C(=O)Cc2cncc3ccccc23)[C@H]1C,ASAP-0032312,Test,3.34,4.16,MultiTaskTutorialDataset_275,3.34,True,4.6838937
MultiTaskTutorialDataset_276,O=C(Cc1cncc2ccccc12)N1CCc2scnc2C12CCC2,ASAP-0032322,Test,5.56,6.75,MultiTaskTutorialDataset_276,5.56,False,4.1267953
MultiTaskTutorialDataset_277,C[C@H](O)[C@H]1CCCN(C(=O)Cc2cncc3ccccc23)C1,ASAP-0032325,Test,4.26,,MultiTaskTutorialDataset_277,4.26,True,4.5709147
MultiTaskTutorialDataset_278,C[C@H](O)[C@H]1CCCN(C(=O)Cc2cncc3ccccc23)C1,ASAP-0032326,Test,4.27,,MultiTaskTutorialDataset_278,4.27,True,4.5709147
MultiTaskTutorialDataset_279,C[C@H](O)[C@H]1CCCN(C(=O)Cc2cncc3ccccc23)C1,ASAP-0032327,Test,4.21,4.06,MultiTaskTutorialDataset_279,4.21,True,4.5709147
MultiTaskTutorialDataset_280,C[C@H](O)[C@H]1CCCN(C(=O)Cc2cncc3ccccc23)C1,ASAP-0032328,Test,4.15,4.1,MultiTaskTutorialDataset_280,4.15,True,4.5709147
MultiTaskTutorialDataset_281,Cn1nccc1[C@H]1CCCCN1C(=O)Cc1cncc2ccccc12,ASAP-0032332,Test,4.63,4.42,MultiTaskTutorialDataset_281,4.63,True,5.011987
MultiTaskTutorialDataset_282,CC(=O)NC[C@H]1CCCCN1C(=O)Cc1cncc2ccccc12,ASAP-0032340,Test,4.9,,MultiTaskTutorialDataset_282,4.9,True,4.965118
MultiTaskTutorialDataset_283,Cn1nncc1[C@H]1CCCCN1C(=O)Cc1cncc2ccccc12,ASAP-0032358,Test,3.9,4.15,MultiTaskTutorialDataset_283,3.9,True,4.9363127
MultiTaskTutorialDataset_284,O=C(Cc1cncc2ccccc12)N1CCCC[C@H]1c1ccc(Cl)cc1F,ASAP-0032364,Test,5.22,4.96,MultiTaskTutorialDataset_284,5.22,True,4.586115
MultiTaskTutorialDataset_285,CC(=O)NC[C@@H]1CCCCN1C(=O)Cc1cncc2ccccc12,ASAP-0032386,Test,4.87,,MultiTaskTutorialDataset_285,4.87,True,4.965118
MultiTaskTutorialDataset_286,O=C(Cc1cncc2ccccc12)N1CCC[C@H]2CCCC[C@H]21,ASAP-0032402,Test,3.97,5.15,MultiTaskTutorialDataset_286,3.97,True,4.238022
MultiTaskTutorialDataset_287,O=C(Cc1cncc2ccccc12)N1CCC[C@H]2CCCC[C@H]21,ASAP-0032403,Test,3.96,4.67,MultiTaskTutorialDataset_287,3.96,True,4.238022
MultiTaskTutorialDataset_288,Cn1cnnc1[C@H]1CCCCN1C(=O)Cc1cncc2ccccc12,ASAP-0032406,Test,4.26,,MultiTaskTutorialDataset_288,4.26,True,4.9080048
MultiTaskTutorialDataset_289,O=C(Cc1cncc2ccccc12)N1CCCC[C@H]1c1cscn1,ASAP-0032546,Test,4.19,5.11,MultiTaskTutorialDataset_289,4.19,True,4.553924
MultiTaskTutorialDataset_290,O=C(Cc1cncc2ccccc12)N1CCCC[C@H]1[C@H]1CCCO1,ASAP-0032559,Test,4.67,4.61,MultiTaskTutorialDataset_290,4.67,True,4.6907787
MultiTaskTutorialDataset_291,O=C(Cc1cncc2ccccc12)N1CCCC[C@H]1[C@H]1CCCO1,ASAP-0032560,Test,4.33,4.02,MultiTaskTutorialDataset_291,4.33,True,4.6907787
MultiTaskTutorialDataset_292,O=C(Cc1cncc2ccccc12)N1CCCC[C@H]1[C@H]1CCCO1,ASAP-0032561,Test,4.54,4.2,MultiTaskTutorialDataset_292,4.54,True,4.6907787
MultiTaskTutorialDataset_293,O=C(Cc1cncc2ccccc12)N1CCCC[C@H]1[C@H]1CCCO1,ASAP-0032562,Test,4.42,,MultiTaskTutorialDataset_293,4.42,True,4.6907787
MultiTaskTutorialDataset_294,O=C(Cc1cncc2ccccc12)N1CCC[C@H]2CCCC[C@@H]21,ASAP-0032572,Test,4.84,5.18,MultiTaskTutorialDataset_294,4.84,True,4.238022
MultiTaskTutorialDataset_295,COc1ccccc1[C@H]1C[C@H](C)CCN1C(=O)Cc1cncc2ccccc12,ASAP-0032604,Test,5.53,5.59,MultiTaskTutorialDataset_295,5.53,True,5.2397175
MultiTaskTutorialDataset_296,COc1ccccc1[C@H]1C[C@H](C)CCN1C(=O)Cc1cncc2ccccc12,ASAP-0032605,Test,5.47,5.77,MultiTaskTutorialDataset_296,5.47,True,5.2397175
