QSPRID,SMILES,Molecule Name,Set,pIC50 (MERS-CoV Mpro),pIC50 (SARS-CoV-2 Mpro),QSPRID,pIC50 (SARS-CoV-2 Mpro)_original,Split_IsTrain,predicted SARS
MultiTaskTutorialDataset_000,C=CC(=O)Nc1cccc(N(Cc2cccc(Cl)c2)C(=O)Cc2cncc3ccccc23)c1,ASAP-0000175,Test,5.52,5.57,MultiTaskTutorialDataset_000,5.57,True,5.0967746
MultiTaskTutorialDataset_001,CNC(=O)CN1C[C@]2(CCN(c3cncc4ccc(OC[C@H](O)CN(C)C)cc34)C2=O)c2cc(Cl)ccc2C1=O,ASAP-0000528,Test,5.8,7.44,MultiTaskTutorialDataset_001,7.44,False,6.332546
MultiTaskTutorialDataset_002,CNC(=O)CN1C[C@@]2(C(=O)N(c3cncc4ccccc34)C[C@@H]2C)c2ccccc2C1=O,ASAP-0000541,Test,5.81,6.48,MultiTaskTutorialDataset_002,6.48,True,5.1827655
MultiTaskTutorialDataset_003,CNC(=O)CN1C[C@@]2(C(=O)N(c3cncc4ccccc34)C[C@@H]2C)c2cc(Cl)ccc2C1=O,ASAP-0000733,Test,6.69,7.87,MultiTaskTutorialDataset_003,7.87,True,6.2881947
MultiTaskTutorialDataset_004,CNC(=O)CN1C[C@]2(C(=O)N(c3cncc4ccccc34)C[C@H]2CC2CC2)c2cc(Cl)ccc2C1=O,ASAP-0000738,Test,5.98,7.6,MultiTaskTutorialDataset_004,7.6,True,6.4420285
MultiTaskTutorialDataset_005,C[C@H]1CN(c2cncc3ccccc23)C(=O)[C@@]12CN(CC(=O)NCc1ccnn1C)C(=O)c1ccc(Cl)cc12,ASAP-0000774,Test,5.88,7.42,MultiTaskTutorialDataset_005,7.42,True,6.804196
MultiTaskTutorialDataset_006,C[C@H]1CN(c2cncc3ccccc23)C(=O)[C@@]12CN(CC(=O)NCc1ccn(C)n1)C(=O)c1ccc(Cl)cc12,ASAP-0000775,Test,6.02,6.91,MultiTaskTutorialDataset_006,6.91,True,6.870919
MultiTaskTutorialDataset_007,CO[C@@H](C)CN1C[C@H](C(=O)Nc2cncc3ccccc23)c2cc(Cl)ccc2C1=O,ASAP-0010712,Test,5.65,7.18,MultiTaskTutorialDataset_007,7.18,True,6.0607257
MultiTaskTutorialDataset_008,CN[C@H](C)CN1C[C@H](C(=O)Nc2cncc3ccccc23)c2cc(Cl)ccc2C1=O,ASAP-0010740,Test,5.49,6.88,MultiTaskTutorialDataset_008,6.88,True,6.709977
MultiTaskTutorialDataset_009,CN1C(=O)c2ccc(Cl)cc2[C@]12CCCN(c1cncc3ccccc13)C2=O,ASAP-0011036,Test,4.34,5.57,MultiTaskTutorialDataset_009,5.57,True,5.484639
MultiTaskTutorialDataset_010,CCNC(=O)CN1C[C@@]2(C(=O)N(c3cncc4ccccc34)C[C@@H]2C)c2cc(Cl)ccc2C1=O,ASAP-0011052,Test,6.47,7.73,MultiTaskTutorialDataset_010,7.73,True,6.9449935
MultiTaskTutorialDataset_011,C[C@H]1CN(c2cncc3ccccc23)C(=O)[C@@]12CN(CC(=O)NCC1CC1)C(=O)c1ccc(F)cc12,ASAP-0011059,Test,5.96,7.3,MultiTaskTutorialDataset_011,7.3,True,6.784581
MultiTaskTutorialDataset_012,C[C@H]1CN(c2cncc3ccccc23)C(=O)[C@@]12CN(CC(=O)NCC1(F)CC1)C(=O)c1ccc(F)cc12,ASAP-0011125,Test,5.55,6.89,MultiTaskTutorialDataset_012,6.89,True,6.833449
MultiTaskTutorialDataset_013,C[C@H]1CN(c2cncc3ccccc23)C(=O)[C@@]12CN(CC(=O)NC1CCC1)C(=O)c1ccc(Cl)cc12,ASAP-0011185,Test,5.71,7.09,MultiTaskTutorialDataset_013,7.09,True,6.8228703
MultiTaskTutorialDataset_014,CCNC(=O)CN1C[C@@]2(C(=O)N(c3cncc4ccccc34)C[C@@H]2C)c2cc(F)ccc2C1=O,ASAP-0011343,Test,6.29,7.48,MultiTaskTutorialDataset_014,7.48,True,6.7110386
MultiTaskTutorialDataset_015,CNC(=O)CN1C[C@@]2(C(=O)N(c3cncc4ccccc34)C[C@@H]2Cn2ccnn2)c2cc(F)ccc2C1=O,ASAP-0011358,Test,5.24,6.27,MultiTaskTutorialDataset_015,6.27,True,6.5644794
MultiTaskTutorialDataset_016,CNC(=O)C1(N2C[C@@]3(C(=O)N(c4cncc5ccccc45)C[C@@H]3C)c3cc(F)ccc3C2=O)CC1,ASAP-0011359,Test,6.4,7.57,MultiTaskTutorialDataset_016,7.57,True,6.4439363
MultiTaskTutorialDataset_017,CC1CCC2(CC1)CCN(C(=O)Cc1cncc3ccccc13)C2,ASAP-0011408,Test,4.64,6.16,MultiTaskTutorialDataset_017,6.16,True,5.4556994
MultiTaskTutorialDataset_018,CNC(=O)CN1C[C@@]2(C(=O)N(c3cncc4ccccc34)C[C@@H]2CS(C)(=O)=O)c2cc(F)ccc2C1=O,ASAP-0011414,Test,4.07,5.84,MultiTaskTutorialDataset_018,5.84,True,6.6856503
MultiTaskTutorialDataset_019,CNC(=O)CN1C[C@@]2(C(=O)N(c3cncc4ccccc34)C[C@@H]2CC#N)c2cc(Cl)ccc2C1=O,ASAP-0011430,Test,5.6,7.41,MultiTaskTutorialDataset_019,7.41,True,6.5472827
MultiTaskTutorialDataset_020,C[C@H]1CN(c2cncc3ccccc23)C(=O)[C@@]12CN(CCN1CCOCC1)C(=O)c1ccc(F)cc12,ASAP-0011445,Test,6.52,7.54,MultiTaskTutorialDataset_020,7.54,True,6.630509
MultiTaskTutorialDataset_021,C[C@H]1CN(c2cncc3ccccc23)C(=O)[C@@]12CN(Cc1cn[nH]c1)C(=O)c1ccc(F)cc12,ASAP-0011485,Test,6.33,7.29,MultiTaskTutorialDataset_021,7.29,True,6.835323
MultiTaskTutorialDataset_022,C[C@H]1CN(c2cncc3ccccc23)C(=O)[C@@]12CN(CCN1CCOCC1)C(=O)c1ccc(Cl)cc12,ASAP-0011513,Test,6.42,7.6,MultiTaskTutorialDataset_022,7.6,True,7.57732
MultiTaskTutorialDataset_023,CNC(=O)[C@@H](C)N1C[C@@]2(C(=O)N(c3cncc4ccccc34)C[C@@H]2C)c2cc(F)ccc2C1=O,ASAP-0011528,Test,6.32,7.62,MultiTaskTutorialDataset_023,7.62,True,5.9577074
MultiTaskTutorialDataset_024,CO[C@@H](C)CN1C[C@@]2(C(=O)N(c3cncc4ccccc34)C[C@@H]2C)c2cc(Cl)ccc2C1=O,ASAP-0012331,Test,5.86,7.11,MultiTaskTutorialDataset_024,7.11,True,7.2528777
MultiTaskTutorialDataset_025,CNC(=O)[C@@H](C)N1C[C@@]2(C(=O)N(c3cncc4ccccc34)C[C@@H]2C)c2cc(Cl)ccc2C1=O,ASAP-0012333,Test,5.98,7.23,MultiTaskTutorialDataset_025,7.23,True,6.4181304
MultiTaskTutorialDataset_026,CNCCN1C[C@@]2(C(=O)N(c3cncc4ccccc34)C[C@@H]2C)c2cc(Cl)ccc2C1=O,ASAP-0012337,Test,6.22,7.43,MultiTaskTutorialDataset_026,7.43,True,7.362709
MultiTaskTutorialDataset_027,CO[C@@H](C)CN1C[C@@]2(C(=O)N(c3cncc4ccccc34)C[C@@H]2C)c2cc(F)ccc2C1=O,ASAP-0012339,Test,5.95,6.97,MultiTaskTutorialDataset_027,6.97,True,6.4855943
MultiTaskTutorialDataset_028,C=CC(=O)N1CCCc2c1cccc2N(Cc1cccc(Cl)c1)C(=O)Cc1cncc2ccccc12,ASAP-0013249,Test,6.43,6.32,MultiTaskTutorialDataset_028,6.32,True,5.6487904
MultiTaskTutorialDataset_029,CNC(=O)CN1C[C@@]2(C(=O)N(c3cncc4ccccc34)C[C@@H]2CNc2ccccc2)c2cc(Cl)ccc2C1=O,ASAP-0013265,Test,6.53,8.46,MultiTaskTutorialDataset_029,8.46,True,6.727697
MultiTaskTutorialDataset_030,CNC(=O)CN1C[C@@]2(C(=O)N(c3cncc4ccccc34)C[C@@H]2CNc2cnn(C)c2)c2cc(Cl)ccc2C1=O,ASAP-0013266,Test,6.39,8.0,MultiTaskTutorialDataset_030,8.0,True,6.9122133
MultiTaskTutorialDataset_031,CNC(=O)CN1C[C@@]2(C(=O)N(c3cncc4ccccc34)C[C@@H]2Cc2nn[nH]n2)c2cc(Cl)ccc2C1=O,ASAP-0013268,Test,5.0,6.33,MultiTaskTutorialDataset_031,6.33,True,6.3320827
MultiTaskTutorialDataset_032,C[C@H]1CN(c2cncc3ccccc23)C(=O)[C@@]12CN(Cc1c[nH]cn1)C(=O)c1ccc(F)cc12,ASAP-0013272,Test,6.4,7.57,MultiTaskTutorialDataset_032,7.57,True,6.4801507
MultiTaskTutorialDataset_033,C[C@H]1CN(c2cncc3ccccc23)C(=O)[C@@]12CN(Cc1ccn[nH]1)C(=O)c1ccc(F)cc12,ASAP-0013273,Test,6.82,7.87,MultiTaskTutorialDataset_033,7.87,True,7.058747
MultiTaskTutorialDataset_034,C[C@H]1CN(c2cncc3ccccc23)C(=O)[C@@]12CN(Cc1ncc[nH]1)C(=O)c1ccc(F)cc12,ASAP-0013274,Test,6.46,7.75,MultiTaskTutorialDataset_034,7.75,True,6.613727
MultiTaskTutorialDataset_035,CNC(=O)CN1C[C@@]2(C(=O)N(c3cncc4ccccc34)C[C@@H]2CNc2ccncn2)c2cc(Cl)ccc2C1=O,ASAP-0013300,Test,6.92,7.65,MultiTaskTutorialDataset_035,7.65,True,6.894493
MultiTaskTutorialDataset_036,CNC(=O)CN1C[C@@]2(C(=O)N(c3cncc4ccccc34)C[C@@H]2CNc2cnccn2)c2cc(Cl)ccc2C1=O,ASAP-0013301,Test,6.46,7.09,MultiTaskTutorialDataset_036,7.09,True,6.791707
MultiTaskTutorialDataset_037,CNC(=O)CN1C[C@@]2(C(=O)N(c3cncc4ccccc34)C[C@@H]2CS(=O)(=O)N(C)C)c2cc(Cl)ccc2C1=O,ASAP-0013302,Test,4.59,7.43,MultiTaskTutorialDataset_037,7.43,True,6.5955195
MultiTaskTutorialDataset_038,CNC(=O)CN1C[C@@]2(C(=O)N(c3cncc4ccccc34)C[C@@H]2CS(=O)(=O)NC)c2cc(F)ccc2C1=O,ASAP-0013303,Test,4.6,6.6,MultiTaskTutorialDataset_038,6.6,True,6.417431
MultiTaskTutorialDataset_039,C[C@H]1CN(c2cncc3ccccc23)C(=O)[C@@]12CN(Cc1cc(O)ncn1)C(=O)c1ccc(F)cc12,ASAP-0013304,Test,5.51,6.47,MultiTaskTutorialDataset_039,6.47,True,6.562739
MultiTaskTutorialDataset_040,C[C@H]1CN(c2cncc3ccccc23)C(=O)[C@@]12CN(Cc1nc[nH]n1)C(=O)c1ccc(F)cc12,ASAP-0013305,Test,5.59,6.68,MultiTaskTutorialDataset_040,6.68,True,6.9542384
MultiTaskTutorialDataset_041,Cn1ccc(CN2C[C@]3(CCN(c4cncc5ccccc45)C3=O)c3cc(Cl)ccc3C2=O)n1,ASAP-0013306,Test,4.31,4.33,MultiTaskTutorialDataset_041,4.33,False,6.5409126
MultiTaskTutorialDataset_042,Cn1ccc(CN2C[C@]3(CCN(c4cncc5ccccc45)C3=O)c3cc(Cl)ccc3C2=O)n1,ASAP-0013307,Test,6.31,7.4,MultiTaskTutorialDataset_042,7.4,False,6.5409126
MultiTaskTutorialDataset_043,Cn1cnc(CN2C[C@]3(CCN(c4cncc5ccccc45)C3=O)c3cc(Cl)ccc3C2=O)n1,ASAP-0013308,Test,4.23,4.51,MultiTaskTutorialDataset_043,4.51,False,6.5328236
MultiTaskTutorialDataset_044,Cn1cnc(CN2C[C@]3(CCN(c4cncc5ccccc45)C3=O)c3cc(Cl)ccc3C2=O)n1,ASAP-0013309,Test,4.79,5.99,MultiTaskTutorialDataset_044,5.99,False,6.5328236
MultiTaskTutorialDataset_045,Cn1nnc(CN2C[C@]3(CCN(c4cncc5ccccc45)C3=O)c3cc(Cl)ccc3C2=O)n1,ASAP-0013310,Test,5.14,6.33,MultiTaskTutorialDataset_045,6.33,False,6.137743
MultiTaskTutorialDataset_046,Cn1nnc(CN2C[C@]3(CCN(c4cncc5ccccc45)C3=O)c3cc(Cl)ccc3C2=O)n1,ASAP-0013311,Test,4.25,4.25,MultiTaskTutorialDataset_046,4.25,False,6.137743
MultiTaskTutorialDataset_047,Cn1nnnc1CN1C[C@]2(CCN(c3cncc4ccccc34)C2=O)c2cc(Cl)ccc2C1=O,ASAP-0013312,Test,4.35,4.12,MultiTaskTutorialDataset_047,4.12,False,6.3484774
MultiTaskTutorialDataset_048,Cn1nnnc1CN1C[C@]2(CCN(c3cncc4ccccc34)C2=O)c2cc(Cl)ccc2C1=O,ASAP-0013313,Test,5.16,6.3,MultiTaskTutorialDataset_048,6.3,False,6.3484774
MultiTaskTutorialDataset_049,CCn1nccc1CN1C[C@@]2(C(=O)N(c3cncc4ccccc34)C[C@@H]2C)c2cc(F)ccc2C1=O,ASAP-0013398,Test,6.72,7.28,MultiTaskTutorialDataset_049,7.28,True,7.003797
MultiTaskTutorialDataset_050,CNC(=O)CN1C[C@@]2(C(=O)N(c3cncc4ccccc34)C[C@@H]2Cn2cccn2)c2cc(Cl)ccc2C1=O,ASAP-0013405,Test,5.8,6.74,MultiTaskTutorialDataset_050,6.74,True,6.605341
MultiTaskTutorialDataset_051,CNCCN1C[C@@]2(C(=O)N(c3cncc4ccccc34)C[C@@H]2C)c2cc(F)ccc2C1=O,ASAP-0013407,Test,5.98,6.9,MultiTaskTutorialDataset_051,6.9,True,6.5530996
MultiTaskTutorialDataset_052,C[C@H]1CN(c2cncc3ccccc23)C(=O)[C@@]12CN(Cc1c[nH]nn1)C(=O)c1ccc(F)cc12,ASAP-0013412,Test,6.37,7.31,MultiTaskTutorialDataset_052,7.31,True,6.5634317
MultiTaskTutorialDataset_053,C[C@H]1CN(c2cncc3ccccc23)C(=O)[C@@]12CN(Cc1ccnn1C)C(=O)c1ccc(F)cc12,ASAP-0013413,Test,6.5,7.08,MultiTaskTutorialDataset_053,7.08,True,6.7269197
MultiTaskTutorialDataset_054,C[C@H]1CN(c2cncc3ccccc23)C(=O)[C@@]12CN(Cc1cocn1)C(=O)c1ccc(F)cc12,ASAP-0013414,Test,6.9,7.46,MultiTaskTutorialDataset_054,7.46,True,6.602696
MultiTaskTutorialDataset_055,Cc1cnc(CN2C[C@@]3(C(=O)N(c4cncc5ccccc45)C[C@@H]3C)c3cc(F)ccc3C2=O)cn1,ASAP-0013423,Test,6.01,7.15,MultiTaskTutorialDataset_055,7.15,True,6.830451
MultiTaskTutorialDataset_056,CNC(=O)CN1C[C@@]2(C(=O)N(c3cncc4ccccc34)C[C@@H]2CNc2cnc(C)s2)c2cc(Cl)ccc2C1=O,ASAP-0013716,Test,5.51,8.45,MultiTaskTutorialDataset_056,8.45,True,6.782026
MultiTaskTutorialDataset_057,CNC(=O)CN1C[C@@]2(C(=O)N(c3cncc4ccccc34)C[C@@H]2CS(=O)(=O)NC)c2cc(Cl)ccc2C1=O,ASAP-0013717,Test,4.62,6.66,MultiTaskTutorialDataset_057,6.66,True,6.3886285
MultiTaskTutorialDataset_058,CNC(=O)CN1C[C@@]2(C(=O)N(c3cncc4ccccc34)C[C@@H]2Cn2ncnn2)c2cc(Cl)ccc2C1=O,ASAP-0013718,Test,4.59,6.03,MultiTaskTutorialDataset_058,6.03,True,6.7272105
MultiTaskTutorialDataset_059,C[C@H]1CN(c2cncc3ccccc23)C(=O)[C@@]12CN(CC#N)C(=O)c1ccc(F)cc12,ASAP-0013719,Test,5.52,6.17,MultiTaskTutorialDataset_059,6.17,True,6.979549
MultiTaskTutorialDataset_060,C[C@H]1CN(c2cncc3ccccc23)C(=O)[C@@]12CN(Cc1nccn1C)C(=O)c1ccc(F)cc12,ASAP-0013720,Test,5.45,6.44,MultiTaskTutorialDataset_060,6.44,True,6.76617
MultiTaskTutorialDataset_061,C[C@H]1CN(c2cncc3ccccc23)C(=O)[C@@]12CN(Cc1nnnn1C)C(=O)c1ccc(F)cc12,ASAP-0013721,Test,5.46,6.41,MultiTaskTutorialDataset_061,6.41,True,6.716357
MultiTaskTutorialDataset_062,Cc1cc(CN2C[C@@]3(C(=O)N(c4cncc5ccccc45)C[C@@H]3C)c3cc(F)ccc3C2=O)on1,ASAP-0013722,Test,6.92,7.91,MultiTaskTutorialDataset_062,7.91,True,6.8964596
MultiTaskTutorialDataset_063,CNC(=O)CN1C[C@@]2(C(=O)N(c3cncc4ccccc34)C[C@@H]2CNc2scnc2C)c2cc(Cl)ccc2C1=O,ASAP-0013814,Test,5.54,8.38,MultiTaskTutorialDataset_063,8.38,True,6.8669353
MultiTaskTutorialDataset_064,CNC(=O)CN1C[C@@]2(C(=O)N(c3cncc4ccccc34)C[C@@H]2CNc2cncs2)c2cc(Cl)ccc2C1=O,ASAP-0013892,Test,6.44,8.73,MultiTaskTutorialDataset_064,8.73,True,6.780404
MultiTaskTutorialDataset_065,C[C@H]1CN(c2cncc3ccccc23)C(=O)[C@@]12CN(CCN1CCN(S(C)(=O)=O)CC1)C(=O)c1ccc(Cl)cc12,ASAP-0013898,Test,6.46,7.66,MultiTaskTutorialDataset_065,7.66,True,7.45016
MultiTaskTutorialDataset_066,O=C1c2ccc(Cl)cc2[C@@]2(CN1CCN1CCOCC1)C(=O)N(c1cncc3ccccc13)C[C@@H]2CNc1ncccn1,ASAP-0013925,Test,6.43,7.51,MultiTaskTutorialDataset_066,7.51,False,7.4621773
MultiTaskTutorialDataset_067,CNC(=O)CN1C[C@@]2(C(=O)N(c3cncc4ccccc34)C[C@@H]2CNc2ccc(Cl)nn2)c2cc(Cl)ccc2C1=O,ASAP-0014544,Test,6.91,7.45,MultiTaskTutorialDataset_067,7.45,True,6.7735057
MultiTaskTutorialDataset_068,C[C@H]1CN(c2cncc3ccccc23)C(=O)[C@@]12CN(Cc1ccnnc1)C(=O)c1ccc(F)cc12,ASAP-0014613,Test,6.85,7.97,MultiTaskTutorialDataset_068,7.97,True,6.702593
MultiTaskTutorialDataset_069,Cc1ncc(CN2C[C@@]3(C(=O)N(c4cncc5ccccc45)C[C@@H]3C)c3cc(F)ccc3C2=O)o1,ASAP-0014619,Test,5.96,7.09,MultiTaskTutorialDataset_069,7.09,True,6.6952057
MultiTaskTutorialDataset_070,C[C@H]1CN(c2cncc3ccccc23)C(=O)[C@@]12CN(CCN1CCCC1=O)C(=O)c1ccc(Cl)cc12,ASAP-0014632,Test,5.67,7.01,MultiTaskTutorialDataset_070,7.01,True,7.4354343
MultiTaskTutorialDataset_071,C[C@H]1CN(c2cncc3ccccc23)C(=O)[C@@]12CN(CCN1CCS(=O)(=O)CC1)C(=O)c1ccc(Cl)cc12,ASAP-0014717,Test,6.5,7.72,MultiTaskTutorialDataset_071,7.72,True,7.3757124
MultiTaskTutorialDataset_072,C[C@H]1CN(c2cncc3ccccc23)C(=O)[C@@]12CN(Cc1ncco1)C(=O)c1ccc(F)cc12,ASAP-0014745,Test,5.9,6.92,MultiTaskTutorialDataset_072,6.92,True,6.8541694
MultiTaskTutorialDataset_073,Cc1nc(CN2C[C@@]3(C(=O)N(c4cncc5ccccc45)C[C@@H]3C)c3cc(F)ccc3C2=O)co1,ASAP-0014750,Test,7.23,8.04,MultiTaskTutorialDataset_073,8.04,True,6.5423684
MultiTaskTutorialDataset_074,C[C@H]1CN(c2cncc3ccccc23)C(=O)[C@@]12CN(Cc1cnn(C)n1)C(=O)c1ccc(F)cc12,ASAP-0014753,Test,6.59,7.46,MultiTaskTutorialDataset_074,7.46,True,6.645544
MultiTaskTutorialDataset_075,C[C@H]1CN(c2cncc3ccccc23)C(=O)[C@@]12CN(Cc1nnn(C)n1)C(=O)c1ccc(F)cc12,ASAP-0014758,Test,5.56,6.65,MultiTaskTutorialDataset_075,6.65,True,6.3885255
MultiTaskTutorialDataset_076,Cc1nc(CN2C[C@@]3(C(=O)N(c4cncc5ccccc45)C[C@@H]3C)c3cc(F)ccc3C2=O)no1,ASAP-0014762,Test,5.62,6.68,MultiTaskTutorialDataset_076,6.68,True,6.654854
MultiTaskTutorialDataset_077,C[C@H]1CN(c2cncc3ccccc23)C(=O)[C@@]12CN(Cc1ccon1)C(=O)c1ccc(F)cc12,ASAP-0014764,Test,6.74,7.86,MultiTaskTutorialDataset_077,7.86,True,6.9346614
MultiTaskTutorialDataset_078,C[C@H]1CN(c2cncc3ccccc23)C(=O)[C@@]12CN(Cc1ncn(C)n1)C(=O)c1ccc(F)cc12,ASAP-0014769,Test,5.21,6.32,MultiTaskTutorialDataset_078,6.32,True,6.914995
MultiTaskTutorialDataset_079,C[C@H]1CN(c2cncc3ccccc23)C(=O)[C@@]12CN(Cc1ccn(C)n1)C(=O)c1ccc(F)cc12,ASAP-0014770,Test,6.82,7.82,MultiTaskTutorialDataset_079,7.82,True,6.855387
MultiTaskTutorialDataset_080,C[C@H]1CN(c2cncc3ccccc23)C(=O)[C@@]12CN(Cc1cnn(C)c1)C(=O)c1ccc(F)cc12,ASAP-0014773,Test,6.9,8.06,MultiTaskTutorialDataset_080,8.06,True,6.6692743
MultiTaskTutorialDataset_081,COC[C@H]1CN(c2cncc3ccccc23)C(=O)[C@@]12CN(Cc1ccn[nH]1)C(=O)c1ccc(Cl)cc12,ASAP-0014789,Test,6.27,7.44,MultiTaskTutorialDataset_081,7.44,False,7.3771944
MultiTaskTutorialDataset_082,C[C@H]1CN(c2cncc3ccccc23)C(=O)[C@@]12CN(Cc1ccncn1)C(=O)c1ccc(F)cc12,ASAP-0014794,Test,6.86,8.02,MultiTaskTutorialDataset_082,8.02,True,6.442563
MultiTaskTutorialDataset_083,COC[C@H]1CN(c2cncc3ccccc23)C(=O)[C@@]12CN(Cc1c[nH]cn1)C(=O)c1ccc(Cl)cc12,ASAP-0014936,Test,5.92,7.17,MultiTaskTutorialDataset_083,7.17,False,7.268179
MultiTaskTutorialDataset_084,COC[C@H]1CN(c2cncc3ccccc23)C(=O)[C@@]12CN(Cc1ncc[nH]1)C(=O)c1ccc(Cl)cc12,ASAP-0014948,Test,5.98,7.32,MultiTaskTutorialDataset_084,7.32,False,7.151144
MultiTaskTutorialDataset_085,CNC(=O)CN1C[C@@]2(C(=O)N(c3cncc4ccccc34)C[C@@H]2CCl)c2cc(Cl)ccc2C1=O,ASAP-0015078,Test,5.93,8.14,MultiTaskTutorialDataset_085,8.14,True,6.57663
MultiTaskTutorialDataset_086,C[C@H]1CN(c2cncc3ccccc23)C(=O)[C@@]12CN(CCN1CCC3(COC3)C1)C(=O)c1ccc(Cl)cc12,ASAP-0015092,Test,6.5,7.57,MultiTaskTutorialDataset_086,7.57,True,7.228785
MultiTaskTutorialDataset_087,CNC(=O)CN1C[C@@]2(C(=O)N(c3cncc4ccccc34)C[C@@H]2CNc2ncncn2)c2cc(Cl)ccc2C1=O,ASAP-0015108,Test,7.14,7.96,MultiTaskTutorialDataset_087,7.96,True,6.794636
MultiTaskTutorialDataset_088,CNC(=O)CN1C[C@@]2(C(=O)N(c3cncc4ccccc34)C[C@@H]2CNc2nncs2)c2cc(Cl)ccc2C1=O,ASAP-0015239,Test,7.25,8.16,MultiTaskTutorialDataset_088,8.16,False,6.78157
MultiTaskTutorialDataset_089,C[C@@H]1COC[C@@H](C)N1CCN1C[C@@]2(C(=O)N(c3cncc4ccccc34)C[C@@H]2C)c2cc(Cl)ccc2C1=O,ASAP-0015376,Test,6.45,7.85,MultiTaskTutorialDataset_089,7.85,True,7.5672092
MultiTaskTutorialDataset_090,C[C@H]1CN(c2cncc3ccccc23)C(=O)[C@@]12CN(CCN1CCOC(C)(C)C1)C(=O)c1ccc(Cl)cc12,ASAP-0015508,Test,6.51,7.43,MultiTaskTutorialDataset_090,7.43,True,7.296712
MultiTaskTutorialDataset_091,C[C@@H]1COC[C@H](C)N1CCN1C[C@@]2(C(=O)N(c3cncc4ccccc34)C[C@@H]2C)c2cc(Cl)ccc2C1=O,ASAP-0015512,Test,5.92,7.28,MultiTaskTutorialDataset_091,7.28,True,7.5672092
MultiTaskTutorialDataset_092,C[C@H]1CN(CCN2C[C@@]3(C(=O)N(c4cncc5ccccc45)C[C@@H]3C)c3cc(Cl)ccc3C2=O)CCO1,ASAP-0015514,Test,6.45,7.57,MultiTaskTutorialDataset_092,7.57,True,7.4092937
MultiTaskTutorialDataset_093,CNC(=O)CN1C[C@@]2(C(=O)N(c3cncc4ccccc34)C[C@@H]2COC2CCC2)c2cc(Cl)ccc2C1=O,ASAP-0015648,Test,5.94,8.18,MultiTaskTutorialDataset_093,8.18,True,6.571242
MultiTaskTutorialDataset_094,C[C@@H]1CN(CCN2C[C@@]3(C(=O)N(c4cncc5ccccc45)C[C@@H]3C)c3cc(Cl)ccc3C2=O)[C@H](C)CO1,ASAP-0015656,Test,6.92,7.85,MultiTaskTutorialDataset_094,7.85,True,7.395629
MultiTaskTutorialDataset_095,C[C@H]1CN(CCN2C[C@@]3(C(=O)N(c4cncc5ccccc45)C[C@@H]3C)c3cc(Cl)ccc3C2=O)[C@@H](C)CO1,ASAP-0015657,Test,6.74,7.87,MultiTaskTutorialDataset_095,7.87,True,7.395629
MultiTaskTutorialDataset_096,C[C@H]1CN(c2cncc3ccccc23)C(=O)[C@@]12CN(CCN1CC(F)(F)C1)C(=O)c1ccc(Cl)cc12,ASAP-0015660,Test,6.67,7.95,MultiTaskTutorialDataset_096,7.95,True,7.6402493
MultiTaskTutorialDataset_097,C[C@H]1CN(CCN2C[C@@]3(C(=O)N(c4cncc5ccccc45)C[C@@H]3C)c3cc(Cl)ccc3C2=O)C[C@H](C)O1,ASAP-0015663,Test,6.57,7.61,MultiTaskTutorialDataset_097,7.61,True,7.470637
MultiTaskTutorialDataset_098,C[C@H]1CN(c2cncc3ccccc23)C(=O)[C@@]12CN(CCN1C[C@H]3CC[C@H](C1)O3)C(=O)c1ccc(Cl)cc12,ASAP-0015666,Test,6.47,7.66,MultiTaskTutorialDataset_098,7.66,True,7.395935
MultiTaskTutorialDataset_099,C[C@H]1CN(c2cncc3ccccc23)C(=O)[C@@]12CN(CCN1C[C@H]3COC[C@H]3C1)C(=O)c1ccc(Cl)cc12,ASAP-0015669,Test,6.65,7.79,MultiTaskTutorialDataset_099,7.79,True,7.432053
MultiTaskTutorialDataset_100,C[C@H]1CN(c2cncc3ccccc23)C(=O)[C@@]12CN(CCN1C[C@H]3C[C@@H]1CO3)C(=O)c1ccc(Cl)cc12,ASAP-0015672,Test,6.71,7.89,MultiTaskTutorialDataset_100,7.89,True,7.3830743
MultiTaskTutorialDataset_101,C[C@@H]1CN(CCN2C[C@@]3(C(=O)N(c4cncc5ccccc45)C[C@@H]3C)c3cc(Cl)ccc3C2=O)CCO1,ASAP-0015677,Test,6.72,7.64,MultiTaskTutorialDataset_101,7.64,True,7.4092937
MultiTaskTutorialDataset_102,C[C@@H]1CN(CCN2C[C@@]3(C(=O)N(c4cncc5ccccc45)C[C@@H]3C)c3cc(Cl)ccc3C2=O)C[C@@H](C)O1,ASAP-0015679,Test,6.41,7.52,MultiTaskTutorialDataset_102,7.52,True,7.470637
MultiTaskTutorialDataset_103,CNCCN1C[C@@]2(C(=O)N(c3cncc4ccccc34)C[C@@H]2COCC2CC2)c2cc(Cl)ccc2C1=O,ASAP-0015773,Test,6.05,7.94,MultiTaskTutorialDataset_103,7.94,False,7.0788546
MultiTaskTutorialDataset_104,CNCCN1C[C@@]2(C(=O)N(c3cncc4ccccc34)C[C@@H]2CS(=O)(=O)N(C)C)c2cc(Cl)ccc2C1=O,ASAP-0015777,Test,4.75,7.12,MultiTaskTutorialDataset_104,7.12,True,7.0876126
MultiTaskTutorialDataset_105,C[C@H]1CN(c2cncc3ccccc23)C(=O)[C@@]12CN(C1CCNCC1)C(=O)c1ccc(Cl)cc12,ASAP-0015900,Test,6.33,7.62,MultiTaskTutorialDataset_105,7.62,True,6.6397557
MultiTaskTutorialDataset_106,O=C1c2ccc(Cl)cc2[C@@]2(CN1CC1COC1)C(=O)N(c1cncc3ccccc13)C[C@@H]2CNc1ccncn1,ASAP-0015904,Test,7.04,7.59,MultiTaskTutorialDataset_106,7.59,False,7.238241
MultiTaskTutorialDataset_107,Cc1nnc(CN2C[C@@]3(C(=O)N(c4cncc5ccccc45)C[C@@H]3CNc3ccncn3)c3cc(Cl)ccc3C2=O)o1,ASAP-0015906,Test,6.77,7.54,MultiTaskTutorialDataset_107,7.54,False,7.1838236
MultiTaskTutorialDataset_108,C=CC(=O)N1CCCc2ccc(N(Cc3cccc(Cl)c3)C(=O)Cc3cncc4ccccc34)cc21,ASAP-0016094,Test,6.16,7.74,MultiTaskTutorialDataset_108,7.74,True,6.5121703
MultiTaskTutorialDataset_109,CNC(=O)CN1C[C@@]2(C(=O)N(c3cncc4ccccc34)C[C@@H]2N)c2cc(Cl)ccc2C1=O,ASAP-0016508,Test,5.69,7.29,MultiTaskTutorialDataset_109,7.29,True,6.561688
MultiTaskTutorialDataset_110,O=C1c2ccc(Cl)cc2[C@@]2(CN1Cc1ccnnc1)C(=O)N(c1cncc3ccccc13)C[C@@H]2CNc1ccncn1,ASAP-0016539,Test,7.29,8.02,MultiTaskTutorialDataset_110,8.02,False,7.4740067
MultiTaskTutorialDataset_111,CNC(=O)CN1C[C@@]2(C(=O)N(c3cncc4ccccc34)C[C@@H]2COCC2CC2)c2cc(Cl)ccc2C1=O,ASAP-0016541,Test,5.86,7.88,MultiTaskTutorialDataset_111,7.88,True,6.498607
MultiTaskTutorialDataset_112,C[C@H]1CN(c2cncc3ccccc23)C(=O)[C@@]12CN(CCN1CCC1)C(=O)c1ccc(Cl)cc12,ASAP-0016542,Test,6.03,7.4,MultiTaskTutorialDataset_112,7.4,True,7.4127803
MultiTaskTutorialDataset_113,CNC(=O)CN1C[C@@]2(C(=O)N(c3cncc4ccccc34)C[C@@H]2NC(C)C)c2cc(Cl)ccc2C1=O,ASAP-0016543,Test,5.18,6.71,MultiTaskTutorialDataset_113,6.71,True,6.155344
MultiTaskTutorialDataset_114,C[C@@H]1CN(CCN2C[C@@]3(C(=O)N(c4cncc5ccccc45)C[C@@H]3C)c3cc(Cl)ccc3C2=O)C[C@H](C)O1,ASAP-0016591,Test,6.49,7.57,MultiTaskTutorialDataset_114,7.57,True,7.470637
MultiTaskTutorialDataset_115,CNC(=O)CN1C[C@@]2(C(=O)N(c3cncc4ccccc34)C[C@@H]2NC)c2cc(Cl)ccc2C1=O,ASAP-0016592,Test,5.97,8.07,MultiTaskTutorialDataset_115,8.07,True,6.2660003
MultiTaskTutorialDataset_116,CNC(=O)CN1C[C@@]2(C(=O)N(c3cncc4ccccc34)C[C@@H]2NS(C)(=O)=O)c2cc(Cl)ccc2C1=O,ASAP-0016838,Test,4.75,6.26,MultiTaskTutorialDataset_116,6.26,True,6.3605924
MultiTaskTutorialDataset_117,CNC(=O)CN1C[C@@]2(C(=O)N(c3cncc4ccccc34)C[C@@H]2NCC2CC2)c2cc(Cl)ccc2C1=O,ASAP-0016902,Test,5.89,8.65,MultiTaskTutorialDataset_117,8.65,True,6.343399
MultiTaskTutorialDataset_118,COC(=O)N[C@H](C(=O)N1C[C@H](C(F)(F)F)C[C@H]1C(=O)N[C@H](C#N)C[C@@H]1CCNC1=O)C(C)(C)C,ASAP-0016973,Test,4.37,4.35,MultiTaskTutorialDataset_118,4.35,True,5.894826
MultiTaskTutorialDataset_119,COC(=O)N[C@H](C(=O)N1C[C@H](C(F)(F)F)C[C@H]1C(=O)N[C@H](C#N)C[C@@H]1CCNC1=O)C(C)(C)C,ASAP-0016974,Test,7.18,8.68,MultiTaskTutorialDataset_119,8.68,True,5.894826
MultiTaskTutorialDataset_120,O=C1c2ccc(Cl)cc2[C@@]2(CN1Cc1nnco1)C(=O)N(c1cncc3ccccc13)C[C@@H]2CNc1ncncn1,ASAP-0017058,Test,6.81,7.3,MultiTaskTutorialDataset_120,7.3,False,7.4322424
MultiTaskTutorialDataset_121,CCO[C@H]1CN(c2cncc3ccccc23)C(=O)[C@@]12CN(CC(=O)NC)C(=O)c1ccc(Cl)cc12,ASAP-0017386,Test,5.57,7.37,MultiTaskTutorialDataset_121,7.37,True,6.408947
MultiTaskTutorialDataset_122,O=C1c2ccc(Cl)cc2[C@@]2(CN1Cc1ccnnc1)C(=O)N(c1cncc3ccccc13)C[C@@H]2CNc1nncs1,ASAP-0017647,Test,7.6,8.62,MultiTaskTutorialDataset_122,8.62,False,7.3064547
MultiTaskTutorialDataset_123,CNC(=O)CN1C[C@]2(C(=O)N(c3cncc4ccccc34)C[C@H]2OCC2CC2)c2cc(Cl)ccc2C1=O,ASAP-0017685,Test,5.48,8.28,MultiTaskTutorialDataset_123,8.28,True,6.369814
MultiTaskTutorialDataset_124,COC(=O)N[C@H](C(=O)N1C[C@H](C(F)(F)F)C[C@H]1C(=O)N[C@H](C#N)C[C@@H]1CCNC1=O)C(C)(C)C,ASAP-0017714,Test,7.16,8.64,MultiTaskTutorialDataset_124,8.64,True,5.894826
MultiTaskTutorialDataset_125,CNC(=O)CN1C[C@@]2(C(=O)N(c3cncc4ccccc34)C[C@@H]2NC(C)=O)c2cc(Cl)ccc2C1=O,ASAP-0020941,Test,4.26,5.88,MultiTaskTutorialDataset_125,5.88,True,6.2639947
MultiTaskTutorialDataset_126,CCS(=O)(=O)N[C@H]1CN(c2cncc3ccccc23)C(=O)[C@@]12CN(CC(=O)NC)C(=O)c1ccc(Cl)cc12,ASAP-0021174,Test,4.28,6.87,MultiTaskTutorialDataset_126,6.87,True,6.3793263
MultiTaskTutorialDataset_127,Cc1nnc(Sc2cc(-c3ccccc3)nc3ncnn23)n1C,ASAP-0022922,Test,5.56,5.2,MultiTaskTutorialDataset_127,5.2,False,4.64663
MultiTaskTutorialDataset_128,O=C1c2ccc(Cl)cc2[C@@]2(CN1CC1CNC1)C(=O)N(c1cncc3ccccc13)C[C@@H]2CNc1nccs1,ASAP-0027780,Test,7.0,8.09,MultiTaskTutorialDataset_128,8.09,False,7.523594
MultiTaskTutorialDataset_129,COc1ccc(N(Cc2cccc(Cl)c2)C(=O)Cc2cccnc2)cc1,ASAP-0027924,Test,4.51,4.99,MultiTaskTutorialDataset_129,4.99,True,6.2151375
MultiTaskTutorialDataset_130,C[C@H]1CCCCCN1C(=O)Cc1cncc2ccccc12,ASAP-0027949,Test,4.64,4.9,MultiTaskTutorialDataset_130,4.9,True,4.6807313
MultiTaskTutorialDataset_131,C[C@H]1CCCCN(C(=O)Cc2cncc3ccccc23)C1,ASAP-0027969,Test,4.03,4.87,MultiTaskTutorialDataset_131,4.87,True,5.1494617
MultiTaskTutorialDataset_132,O=C(Cc1cncc2ccccc12)N1CCc2[nH]cnc2C1,ASAP-0027975,Test,4.36,4.83,MultiTaskTutorialDataset_132,4.83,False,4.381398
MultiTaskTutorialDataset_133,O=C(Cc1cncc2ccccc12)N1CCc2sccc2C1,ASAP-0027976,Test,5.21,6.27,MultiTaskTutorialDataset_133,6.27,False,5.602584
MultiTaskTutorialDataset_134,C[C@H]1CCCN(C(=O)Cc2cncc3ccccc23)CC1,ASAP-0027994,Test,5.13,5.7,MultiTaskTutorialDataset_134,5.7,True,5.766424
MultiTaskTutorialDataset_135,O=C(Cc1cncc2ccccc12)N1CCCCCC1,ASAP-0027997,Test,4.51,4.74,MultiTaskTutorialDataset_135,4.74,True,5.481671
MultiTaskTutorialDataset_136,COc1ccc(N(Cc2cccc(Cl)c2)C(=O)Cc2cncc(C)c2)cc1,ASAP-0028001,Test,5.11,5.78,MultiTaskTutorialDataset_136,5.78,True,6.464205
MultiTaskTutorialDataset_137,O=C(Cc1cncc2ccccc12)N(Cc1cccc(Cl)c1)c1ccc2cc[nH]c2c1,ASAP-0028002,Test,5.63,6.23,MultiTaskTutorialDataset_137,6.23,True,6.1708856
MultiTaskTutorialDataset_138,C[C@H]1CCCN(C(=O)Cc2cncc3ccccc23)C1,ASAP-0028004,Test,3.99,4.63,MultiTaskTutorialDataset_138,4.63,True,5.0807714
MultiTaskTutorialDataset_139,C[C@H]1CCCCN1C(=O)Cc1cncc2ccccc12,ASAP-0028012,Test,4.42,4.37,MultiTaskTutorialDataset_139,4.37,True,4.6783733
MultiTaskTutorialDataset_140,C[C@H]1CN(C(=O)Cc2cncc3ccccc23)CCO1,ASAP-0028804,Test,4.24,4.09,MultiTaskTutorialDataset_140,4.09,True,4.692322
MultiTaskTutorialDataset_141,O=C(Cc1cncc2ccccc12)N1CCn2nccc2C1,ASAP-0028815,Test,4.28,4.16,MultiTaskTutorialDataset_141,4.16,False,4.5866895
MultiTaskTutorialDataset_142,Cc1nc2ccc(N(Cc3cccc(Cl)c3)C(=O)Cc3cncc4ccccc34)cc2[nH]1,ASAP-0028818,Test,5.92,6.47,MultiTaskTutorialDataset_142,6.47,True,6.052444
MultiTaskTutorialDataset_143,C[C@H]1c2ccsc2CCN1C(=O)Cc1cncc2ccccc12,ASAP-0028819,Test,4.65,5.12,MultiTaskTutorialDataset_143,5.12,False,6.4023957
MultiTaskTutorialDataset_144,C[C@H]1c2ccsc2CCN1C(=O)Cc1cncc2ccccc12,ASAP-0028820,Test,5.52,6.51,MultiTaskTutorialDataset_144,6.51,False,6.4023957
MultiTaskTutorialDataset_145,O=C(Cc1cncc2ccccc12)N1CCc2c(Cl)cccc2C1,ASAP-0028823,Test,4.49,6.39,MultiTaskTutorialDataset_145,6.39,False,4.9554005
MultiTaskTutorialDataset_146,C[C@H]1CCN(C(=O)Cc2cncc3ccccc23)C1,ASAP-0028829,Test,4.09,4.44,MultiTaskTutorialDataset_146,4.44,True,5.2623887
MultiTaskTutorialDataset_147,COc1ccc(N(Cc2cccc(Cl)c2)C(=O)Cc2cnccc2C)cc1,ASAP-0028832,Test,4.79,5.44,MultiTaskTutorialDataset_147,5.44,True,6.6792836
MultiTaskTutorialDataset_148,O=C(Cc1cncc2ccccc12)N1CCCn2nccc2C1,ASAP-0028833,Test,4.32,4.11,MultiTaskTutorialDataset_148,4.11,False,4.664974
MultiTaskTutorialDataset_149,CC[C@H]1c2ccsc2CCN1C(=O)Cc1cncc2ccccc12,ASAP-0028837,Test,5.8,6.87,MultiTaskTutorialDataset_149,6.87,False,6.686138
MultiTaskTutorialDataset_150,CC[C@H]1c2ccsc2CCN1C(=O)Cc1cncc2ccccc12,ASAP-0028838,Test,4.64,5.18,MultiTaskTutorialDataset_150,5.18,False,6.686138
MultiTaskTutorialDataset_151,Cc1nc2c(n1C)CCN(C(=O)Cc1cncc3ccccc13)C2,ASAP-0028844,Test,4.26,4.4,MultiTaskTutorialDataset_151,4.4,False,4.454112
MultiTaskTutorialDataset_152,Cn1cnc2c1CCN(C(=O)Cc1cncc3ccccc13)C2,ASAP-0028855,Test,3.91,5.01,MultiTaskTutorialDataset_152,5.01,False,4.778386
MultiTaskTutorialDataset_153,CC1CCN(C(=O)Cc2cncc3ccccc23)CC1,ASAP-0028856,Test,5.51,5.73,MultiTaskTutorialDataset_153,5.73,True,5.6801677
MultiTaskTutorialDataset_154,O=C(Cc1cncc2ccccc12)N1CCCCC1,ASAP-0028867,Test,4.11,4.22,MultiTaskTutorialDataset_154,4.22,True,5.481671
MultiTaskTutorialDataset_155,C[C@H]1CCN(C(=O)Cc2cncc3ccccc23)CCO1,ASAP-0028872,Test,3.75,4.35,MultiTaskTutorialDataset_155,4.35,True,4.670317
MultiTaskTutorialDataset_156,O=C(Cc1cncc2ccccc12)N(Cc1cccc(Cl)c1)c1ccc2nc[nH]c2c1,ASAP-0028999,Test,5.64,6.21,MultiTaskTutorialDataset_156,6.21,True,6.086784
MultiTaskTutorialDataset_157,CC(C)CC1(C)CCN(C(=O)Cc2cncc3ccccc23)CC1,ASAP-0029287,Test,5.36,6.47,MultiTaskTutorialDataset_157,6.47,True,5.7870665
MultiTaskTutorialDataset_158,CC(F)(F)C1CCN(C(=O)Cc2cncc3ccccc23)CC1,ASAP-0029423,Test,4.58,6.23,MultiTaskTutorialDataset_158,6.23,True,5.781744
MultiTaskTutorialDataset_159,O=C(Cc1cncc2ccccc12)N1CCC(C(F)F)CC1,ASAP-0029539,Test,5.09,5.92,MultiTaskTutorialDataset_159,5.92,True,5.0139384
MultiTaskTutorialDataset_160,Cc1nccc(CN2C[C@@]3(C(=O)N(c4cncc5ccccc45)C[C@@H]3CNc3nncs3)c3cc(Cl)ccc3C2=O)n1,ASAP-0029560,Test,7.4,8.6,MultiTaskTutorialDataset_160,8.6,False,7.2815413
MultiTaskTutorialDataset_161,CC(C)C1CCN(C(=O)Cc2cncc3ccccc23)CC1,ASAP-0029604,Test,5.56,6.33,MultiTaskTutorialDataset_161,6.33,True,5.714159
MultiTaskTutorialDataset_162,C[C@H]1C[C@@H](C)N(C(=O)Cc2cncc3ccccc23)[C@@H](C)C1,ASAP-0029634,Test,5.49,5.87,MultiTaskTutorialDataset_162,5.87,True,5.0923214
MultiTaskTutorialDataset_163,Cc1nccc(CN2C[C@@]3(C(=O)N(c4cncc5ccccc45)C[C@@H]3CNc3nnc(C)o3)c3cc(Cl)ccc3C2=O)n1,ASAP-0029643,Test,6.89,7.75,MultiTaskTutorialDataset_163,7.75,False,7.126137
MultiTaskTutorialDataset_164,CCC1CCN(C(=O)Cc2cncc3ccccc23)CC1,ASAP-0029657,Test,5.44,6.04,MultiTaskTutorialDataset_164,6.04,True,5.707987
MultiTaskTutorialDataset_165,Cc1nccc(CN2C[C@@]3(C(=O)N(c4cncc5ccccc45)C[C@@H]3CNc3nnco3)c3cc(Cl)ccc3C2=O)n1,ASAP-0029694,Test,7.4,8.64,MultiTaskTutorialDataset_165,8.64,False,7.334899
MultiTaskTutorialDataset_166,CC1(C)CCN(C(=O)Cc2cncc3ccccc23)CC1,ASAP-0029707,Test,5.14,5.66,MultiTaskTutorialDataset_166,5.66,True,5.5215826
MultiTaskTutorialDataset_167,C[C@@H]1CCN(C(=O)Cc2cncc3ccccc23)[C@H](C)C1,ASAP-0029738,Test,5.57,5.68,MultiTaskTutorialDataset_167,5.68,True,5.3544736
MultiTaskTutorialDataset_168,Cc1nccc(CN2C[C@@]3(C(=O)N(c4cncc5ccccc45)C[C@@H]3CNc3nnc(C(F)(F)F)o3)c3cc(Cl)ccc3C2=O)n1,ASAP-0029741,Test,6.96,7.89,MultiTaskTutorialDataset_168,7.89,False,7.436407
MultiTaskTutorialDataset_169,O=C(Cc1cncc2ccccc12)N1CCC(C(F)(F)F)CC1,ASAP-0029947,Test,5.37,6.55,MultiTaskTutorialDataset_169,6.55,True,5.639476
MultiTaskTutorialDataset_170,O=C1c2ccc(Cl)cc2[C@@]2(CN1Cc1cc[nH]n1)C(=O)N(c1cncc3ccccc13)C[C@@H]2CNc1nncs1,ASAP-0029984,Test,6.73,8.24,MultiTaskTutorialDataset_170,8.24,False,7.483723
MultiTaskTutorialDataset_171,O=C1c2ccc(Cl)cc2[C@@]2(CN1Cc1cc[nH]n1)C(=O)N(c1cncc3ccccc13)C[C@@H]2CNc1nnc(C(F)(F)F)o1,ASAP-0029987,Test,6.69,7.67,MultiTaskTutorialDataset_171,7.67,False,7.5059595
MultiTaskTutorialDataset_172,COCC1CCN(C(=O)Cc2cncc3ccccc23)CC1,ASAP-0030055,Test,3.87,4.89,MultiTaskTutorialDataset_172,4.89,True,4.758285
MultiTaskTutorialDataset_173,CC(C)C1(F)CCN(C(=O)Cc2cncc3ccccc23)CC1,ASAP-0031146,Test,5.56,6.21,MultiTaskTutorialDataset_173,6.21,True,5.644471
MultiTaskTutorialDataset_174,CCc1ccc([C@H]2C[C@H](C)CCN2C(=O)Cc2cncc3ccccc23)o1,ASAP-0031187,Test,6.16,6.57,MultiTaskTutorialDataset_174,6.57,False,5.6197143
MultiTaskTutorialDataset_175,Cc1cncc(CC(=O)N2CCc3sccc3C2)c1,ASAP-0031213,Test,4.07,5.3,MultiTaskTutorialDataset_175,5.3,True,6.0664496
MultiTaskTutorialDataset_176,O=C(Cc1cncc2ccccc12)N1CCc2scnc2C1,ASAP-0031242,Test,4.63,5.92,MultiTaskTutorialDataset_176,5.92,False,4.941683
MultiTaskTutorialDataset_177,CC(C)C1(C)CCN(C(=O)Cc2cncc3ccccc23)CC1,ASAP-0031372,Test,4.85,6.13,MultiTaskTutorialDataset_177,6.13,True,5.6970997
MultiTaskTutorialDataset_178,O=C(Cc1cncc2ccccc12)N1CCc2sccc2C12CCC2,ASAP-0031411,Test,5.63,7.14,MultiTaskTutorialDataset_178,7.14,True,5.4546576
MultiTaskTutorialDataset_179,CC1(CC(F)(F)F)CCN(C(=O)Cc2cncc3ccccc23)CC1,ASAP-0031442,Test,4.48,5.81,MultiTaskTutorialDataset_179,5.81,True,5.733814
MultiTaskTutorialDataset_180,CC(C)[C@H]1c2ccsc2CCN1C(=O)Cc1cncc2ccccc12,ASAP-0031558,Test,5.62,7.08,MultiTaskTutorialDataset_180,7.08,False,6.2814445
MultiTaskTutorialDataset_181,CC(C)CNS(=O)(=O)OCC(=O)N1CCN(Cc2cccc(Cl)c2)[C@H]2CS(=O)(=O)C[C@H]21,ASAP-0031921,Test,5.47,5.35,MultiTaskTutorialDataset_181,5.35,True,6.475119
MultiTaskTutorialDataset_182,CC(C)CC1(C(F)(F)F)CCN(C(=O)Cc2cncc3ccccc23)CC1,ASAP-0031922,Test,5.46,7.06,MultiTaskTutorialDataset_182,7.06,True,5.3521223
MultiTaskTutorialDataset_183,CC(C)NS(=O)(=O)OCC(=O)N1CCN(Cc2cccc(Cl)c2)[C@H]2CS(=O)(=O)C[C@H]21,ASAP-0031924,Test,4.91,5.51,MultiTaskTutorialDataset_183,5.51,True,6.345524
MultiTaskTutorialDataset_184,COC[C@H]1c2ccsc2CCN1C(=O)Cc1cncc2ccccc12,ASAP-0031934,Test,4.8,5.42,MultiTaskTutorialDataset_184,5.42,False,6.104408
MultiTaskTutorialDataset_185,COC[C@H]1c2ccsc2CCN1C(=O)Cc1cncc2ccccc12,ASAP-0031935,Test,5.5,6.58,MultiTaskTutorialDataset_185,6.58,False,6.104408
MultiTaskTutorialDataset_186,CCNS(=O)(=O)OCC(=O)N1CCN(Cc2cccc(Cl)c2)[C@H]2CS(=O)(=O)C[C@H]21,ASAP-0031945,Test,4.21,6.67,MultiTaskTutorialDataset_186,6.67,True,6.320749
MultiTaskTutorialDataset_187,O=C(Cc1cncc2ccccc12)N1CC[C@@H]2CCCC[C@@H]2C1,ASAP-0031946,Test,5.21,5.82,MultiTaskTutorialDataset_187,5.82,True,5.5350018
MultiTaskTutorialDataset_188,CN(C)C(=O)[C@H]1CCCN(C(=O)Cc2cncc3ccccc23)C1,ASAP-0031960,Test,4.21,4.55,MultiTaskTutorialDataset_188,4.55,True,4.823396
MultiTaskTutorialDataset_189,COC(=O)[C@H]1CCCN(C(=O)Cc2cncc3ccccc23)C1,ASAP-0031961,Test,4.32,4.49,MultiTaskTutorialDataset_189,4.49,True,4.3230443
MultiTaskTutorialDataset_190,CNC(=O)C[C@@H]1CCCCN1C(=O)Cc1cncc2ccccc12,ASAP-0031964,Test,4.35,4.34,MultiTaskTutorialDataset_190,4.34,True,4.6196737
MultiTaskTutorialDataset_191,CN(C)C(=O)CN(Cc1cccc(Cl)c1)C(=O)Cc1cncc2ccccc12,ASAP-0031969,Test,4.73,5.21,MultiTaskTutorialDataset_191,5.21,True,5.086153
MultiTaskTutorialDataset_192,CC(C)[C@H]1CCCN(C(=O)Cc2cncc3ccccc23)C1,ASAP-0031980,Test,4.27,5.68,MultiTaskTutorialDataset_192,5.68,True,5.190423
MultiTaskTutorialDataset_193,CC(C)[C@H]1CCCN(C(=O)Cc2cncc3ccccc23)C1,ASAP-0031981,Test,4.94,4.58,MultiTaskTutorialDataset_193,4.58,True,5.190423
MultiTaskTutorialDataset_194,C[C@H]1c2cccnc2CCN1C(=O)Cc1cncc2ccccc12,ASAP-0032038,Test,4.27,4.37,MultiTaskTutorialDataset_194,4.37,False,4.490631
MultiTaskTutorialDataset_195,C[C@H]1c2cccnc2CCN1C(=O)Cc1cncc2ccccc12,ASAP-0032039,Test,4.28,4.19,MultiTaskTutorialDataset_195,4.19,False,4.490631
MultiTaskTutorialDataset_196,C[C@H]1C[C@H](C(C)(F)F)CCN1C(=O)Cc1cncc2ccccc12,ASAP-0032061,Test,4.91,6.2,MultiTaskTutorialDataset_196,6.2,True,5.946851
MultiTaskTutorialDataset_197,C=CC[C@H]1CCCN(C(=O)Cc2cncc3ccccc23)C1,ASAP-0032065,Test,4.06,4.64,MultiTaskTutorialDataset_197,4.64,True,4.6091814
MultiTaskTutorialDataset_198,C=CC[C@H]1CCCN(C(=O)Cc2cncc3ccccc23)C1,ASAP-0032066,Test,4.35,5.33,MultiTaskTutorialDataset_198,5.33,True,4.6091814
MultiTaskTutorialDataset_199,CC[C@H]1CCCN(C(=O)Cc2cncc3ccccc23)C1,ASAP-0032096,Test,4.41,5.28,MultiTaskTutorialDataset_199,5.28,True,5.296218
MultiTaskTutorialDataset_200,CC[C@H]1CCCN(C(=O)Cc2cncc3ccccc23)C1,ASAP-0032097,Test,3.8,4.34,MultiTaskTutorialDataset_200,4.34,True,5.296218
MultiTaskTutorialDataset_201,CC(C)(O)[C@H]1CCCN(C(=O)Cc2cncc3ccccc23)C1,ASAP-0032107,Test,4.26,4.55,MultiTaskTutorialDataset_201,4.55,True,4.443308
MultiTaskTutorialDataset_202,O=C(Cc1cncc2ccccc12)N1CCc2sccc2[C@H]1c1ccccc1,ASAP-0032122,Test,5.2,5.65,MultiTaskTutorialDataset_202,5.65,False,6.4607882
MultiTaskTutorialDataset_203,O=C(Cc1cncc2ccccc12)N1CCc2sccc2[C@H]1c1ccccc1,ASAP-0032123,Test,5.59,7.01,MultiTaskTutorialDataset_203,7.01,False,6.4607882
MultiTaskTutorialDataset_204,CC(C)c1ccc([C@H]2CCCCN2C(=O)Cc2cncc3ccccc23)cc1,ASAP-0032153,Test,5.59,4.82,MultiTaskTutorialDataset_204,4.82,True,4.658834
MultiTaskTutorialDataset_205,COC[C@H]1CCCCN1C(=O)Cc1cncc2ccccc12,ASAP-0032154,Test,3.98,4.09,MultiTaskTutorialDataset_205,4.09,True,4.0536137
MultiTaskTutorialDataset_206,COC[C@H]1CCCCN1C(=O)Cc1cncc2ccccc12,ASAP-0032155,Test,4.54,4.44,MultiTaskTutorialDataset_206,4.44,True,4.0536137
MultiTaskTutorialDataset_207,O=C(Cc1cncc2ccccc12)N1CCC[C@H](CF)C1,ASAP-0032158,Test,3.84,4.53,MultiTaskTutorialDataset_207,4.53,True,4.911467
MultiTaskTutorialDataset_208,CCc1cc([C@H]2CCCCN2C(=O)Cc2cncc3ccccc23)on1,ASAP-0032161,Test,4.5,4.54,MultiTaskTutorialDataset_208,4.54,True,4.3491473
MultiTaskTutorialDataset_209,COCC1(CC2CC2)CCN(C(=O)Cc2cncc3ccccc23)CC1,ASAP-0032167,Test,4.31,4.92,MultiTaskTutorialDataset_209,4.92,True,4.8707385
MultiTaskTutorialDataset_210,Cc1cccc([C@H]2CCCCN2C(=O)Cc2cncc3ccccc23)c1C,ASAP-0032168,Test,5.82,5.36,MultiTaskTutorialDataset_210,5.36,True,4.6511025
MultiTaskTutorialDataset_211,COC[C@H]1CCCN(C(=O)Cc2cncc3ccccc23)C1,ASAP-0032174,Test,4.26,4.14,MultiTaskTutorialDataset_211,4.14,True,4.698141
MultiTaskTutorialDataset_212,COCc1cccc([C@H]2CCCCN2C(=O)Cc2cncc3ccccc23)c1,ASAP-0032180,Test,5.07,5.06,MultiTaskTutorialDataset_212,5.06,True,4.9059944
MultiTaskTutorialDataset_213,C#Cc1ccc([C@H]2CCCCN2C(=O)Cc2cncc3ccccc23)cc1,ASAP-0032181,Test,5.66,4.85,MultiTaskTutorialDataset_213,4.85,True,4.650327
MultiTaskTutorialDataset_214,O=C(Cc1cncc2ccccc12)N1CCCC[C@H]1c1ccccc1F,ASAP-0032183,Test,5.17,5.19,MultiTaskTutorialDataset_214,5.19,True,4.7117558
MultiTaskTutorialDataset_215,O=C(Cc1cncc2ccccc12)N1CCC[C@H](CCF)C1,ASAP-0032184,Test,4.06,5.16,MultiTaskTutorialDataset_215,5.16,True,5.09973
MultiTaskTutorialDataset_216,O=C(Cc1cncc2ccccc12)N1CCC[C@H](CCF)C1,ASAP-0032185,Test,4.63,4.36,MultiTaskTutorialDataset_216,4.36,True,5.09973
MultiTaskTutorialDataset_217,O=C(Cc1cncc2ccccc12)N1CCCC[C@H]1c1ccc(F)cc1F,ASAP-0032189,Test,5.0,5.26,MultiTaskTutorialDataset_217,5.26,True,4.9479833
MultiTaskTutorialDataset_218,Cc1cc([C@H]2CCCCN2C(=O)Cc2cncc3ccccc23)on1,ASAP-0032194,Test,4.35,4.49,MultiTaskTutorialDataset_218,4.49,True,4.607192
MultiTaskTutorialDataset_219,COc1ccccc1[C@H]1CCCCN1C(=O)Cc1cncc2ccccc12,ASAP-0032201,Test,5.05,4.98,MultiTaskTutorialDataset_219,4.98,False,5.213886
MultiTaskTutorialDataset_220,Cn1cncc1[C@H]1CCCCN1C(=O)Cc1cncc2ccccc12,ASAP-0032210,Test,4.44,4.11,MultiTaskTutorialDataset_220,4.11,True,4.283854
MultiTaskTutorialDataset_221,Cn1cccc1[C@H]1CCCCN1C(=O)Cc1cncc2ccccc12,ASAP-0032218,Test,4.73,5.1,MultiTaskTutorialDataset_221,5.1,True,4.009235
MultiTaskTutorialDataset_222,O=C(Cc1cncc2ccccc12)N1CCCC[C@H]1c1nccs1,ASAP-0032220,Test,4.31,4.55,MultiTaskTutorialDataset_222,4.55,True,4.530469
MultiTaskTutorialDataset_223,O=C(Cc1cncc2ccccc12)N1CCCC[C@H]1c1cc(Cl)ccc1F,ASAP-0032233,Test,5.01,6.3,MultiTaskTutorialDataset_223,6.3,True,5.4821424
MultiTaskTutorialDataset_224,CC(C)CC[C@H]1CCCCN1C(=O)Cc1cncc2ccccc12,ASAP-0032240,Test,4.7,4.94,MultiTaskTutorialDataset_224,4.94,True,4.686193
MultiTaskTutorialDataset_225,CC(C)CC[C@H]1CCCCN1C(=O)Cc1cncc2ccccc12,ASAP-0032241,Test,5.04,5.31,MultiTaskTutorialDataset_225,5.31,True,4.686193
MultiTaskTutorialDataset_226,C[C@H]1C[C@H](C)CN(C(=O)Cc2cncc3ccccc23)C1,ASAP-0032242,Test,4.95,4.28,MultiTaskTutorialDataset_226,4.28,True,5.0018187
MultiTaskTutorialDataset_227,CC(C)[C@]1(O)CCCN(C(=O)Cc2cncc3ccccc23)C1,ASAP-0032246,Test,4.37,4.31,MultiTaskTutorialDataset_227,4.31,True,4.5822845
MultiTaskTutorialDataset_228,COc1ccc([C@H]2CCCCN2C(=O)Cc2cncc3ccccc23)cc1F,ASAP-0032252,Test,5.57,4.85,MultiTaskTutorialDataset_228,4.85,True,5.35984
MultiTaskTutorialDataset_229,COc1ccccc1[C@H]1CC(C)(C)CCN1C(=O)Cc1cncc2ccccc12,ASAP-0032254,Test,6.31,6.46,MultiTaskTutorialDataset_229,6.46,False,5.225643
MultiTaskTutorialDataset_230,C[C@H]1C[C@@H](C(C)(F)F)CCN1C(=O)Cc1cncc2ccccc12,ASAP-0032256,Test,5.14,5.9,MultiTaskTutorialDataset_230,5.9,True,5.946851
MultiTaskTutorialDataset_231,C[C@H]1CCN(C(=O)Cc2cncc3ccccc23)Cc2ccsc21,ASAP-0032260,Test,5.27,5.9,MultiTaskTutorialDataset_231,5.9,False,5.697396
MultiTaskTutorialDataset_232,N#CC[C@H]1CCCN(C(=O)Cc2cncc3ccccc23)C1,ASAP-0032261,Test,4.47,4.83,MultiTaskTutorialDataset_232,4.83,True,4.609623
MultiTaskTutorialDataset_233,O=C(Cc1cncc2ccccc12)N1CCCC[C@H]1C1CCC1,ASAP-0032264,Test,4.41,4.76,MultiTaskTutorialDataset_233,4.76,True,4.865146
MultiTaskTutorialDataset_234,O=C(Cc1cncc2ccccc12)N1CCCC[C@H]1c1c(F)cccc1F,ASAP-0032266,Test,5.17,6.02,MultiTaskTutorialDataset_234,6.02,True,4.589311
MultiTaskTutorialDataset_235,O=C(Cc1cncc2ccccc12)N1CCCC[C@H]1c1nc2ccccc2o1,ASAP-0032269,Test,4.69,4.58,MultiTaskTutorialDataset_235,4.58,True,4.420019
MultiTaskTutorialDataset_236,O=C(Cc1cncc2ccccc12)N1CCCC[C@H]1c1ccc(F)c(Cl)c1,ASAP-0032271,Test,5.23,5.58,MultiTaskTutorialDataset_236,5.58,True,5.635719
MultiTaskTutorialDataset_237,Cc1cc([C@H]2CCCCN2C(=O)Cc2cncc3ccccc23)[nH]n1,ASAP-0032277,Test,4.92,4.41,MultiTaskTutorialDataset_237,4.41,True,4.3989215
MultiTaskTutorialDataset_238,O=C(Cc1cncc2ccccc12)N1CCC[C@H](C2CCCC2)C1,ASAP-0032278,Test,4.56,4.85,MultiTaskTutorialDataset_238,4.85,True,5.334259
MultiTaskTutorialDataset_239,O=C(Cc1cncc2ccccc12)N1CCC[C@H](C2CCCC2)C1,ASAP-0032279,Test,5.2,5.58,MultiTaskTutorialDataset_239,5.58,True,5.334259
MultiTaskTutorialDataset_240,O=C(Cc1cncc2ccccc12)N1CCCC[C@H]1c1cc[nH]n1,ASAP-0032280,Test,4.58,4.38,MultiTaskTutorialDataset_240,4.38,True,4.2936625
MultiTaskTutorialDataset_241,O=C(Cc1cncc2ccccc12)N1CCCC[C@H]1c1ccon1,ASAP-0032282,Test,4.49,4.7,MultiTaskTutorialDataset_241,4.7,True,4.3916187
MultiTaskTutorialDataset_242,O=C(Cc1cncc2ccccc12)N1CCCC[C@H]1c1cccc(F)c1,ASAP-0032285,Test,5.43,5.85,MultiTaskTutorialDataset_242,5.85,True,5.7076974
MultiTaskTutorialDataset_243,O=C(Cc1cncc2ccccc12)N1CCCC[C@H]1c1ccc(Cl)cc1,ASAP-0032289,Test,5.7,5.19,MultiTaskTutorialDataset_243,5.19,True,4.861008
MultiTaskTutorialDataset_244,Cc1ccc([C@H]2CCCCN2C(=O)Cc2cncc3ccccc23)cc1,ASAP-0032292,Test,5.54,4.82,MultiTaskTutorialDataset_244,4.82,True,4.7484283
MultiTaskTutorialDataset_245,O=C(Cc1cncc2ccccc12)N1CCCC[C@H]1c1ccc(F)cn1,ASAP-0032295,Test,4.55,5.09,MultiTaskTutorialDataset_245,5.09,True,4.5399337
MultiTaskTutorialDataset_246,O=C(Cc1cncc2ccccc12)N1CCCC[C@H]1c1ccncn1,ASAP-0032300,Test,4.45,5.08,MultiTaskTutorialDataset_246,5.08,True,4.0468454
MultiTaskTutorialDataset_247,C[C@H]1CCCN(C(=O)Cc2cncc3ccccc23)[C@H]1C,ASAP-0032312,Test,3.34,4.16,MultiTaskTutorialDataset_247,4.16,True,5.3734713
MultiTaskTutorialDataset_248,O=C(Cc1cncc2ccccc12)N1CCc2scnc2C12CCC2,ASAP-0032322,Test,5.56,6.75,MultiTaskTutorialDataset_248,6.75,True,4.7386804
MultiTaskTutorialDataset_249,C[C@H](O)[C@H]1CCCN(C(=O)Cc2cncc3ccccc23)C1,ASAP-0032327,Test,4.21,4.06,MultiTaskTutorialDataset_249,4.06,True,4.0373063
MultiTaskTutorialDataset_250,C[C@H](O)[C@H]1CCCN(C(=O)Cc2cncc3ccccc23)C1,ASAP-0032328,Test,4.15,4.1,MultiTaskTutorialDataset_250,4.1,True,4.0373063
MultiTaskTutorialDataset_251,Cn1nccc1[C@H]1CCCCN1C(=O)Cc1cncc2ccccc12,ASAP-0032332,Test,4.63,4.42,MultiTaskTutorialDataset_251,4.42,True,4.0854874
MultiTaskTutorialDataset_252,Cn1nncc1[C@H]1CCCCN1C(=O)Cc1cncc2ccccc12,ASAP-0032358,Test,3.9,4.15,MultiTaskTutorialDataset_252,4.15,True,4.2943234
MultiTaskTutorialDataset_253,O=C(Cc1cncc2ccccc12)N1CCCC[C@H]1c1ccc(Cl)cc1F,ASAP-0032364,Test,5.22,4.96,MultiTaskTutorialDataset_253,4.96,True,5.1765957
MultiTaskTutorialDataset_254,O=C(Cc1cncc2ccccc12)N1CCC[C@H]2CCCC[C@H]21,ASAP-0032402,Test,3.97,5.15,MultiTaskTutorialDataset_254,5.15,True,4.8307805
MultiTaskTutorialDataset_255,O=C(Cc1cncc2ccccc12)N1CCC[C@H]2CCCC[C@H]21,ASAP-0032403,Test,3.96,4.67,MultiTaskTutorialDataset_255,4.67,True,4.8307805
MultiTaskTutorialDataset_256,O=C(Cc1cncc2ccccc12)N1CCCC[C@H]1c1cscn1,ASAP-0032546,Test,4.19,5.11,MultiTaskTutorialDataset_256,5.11,True,4.1888447
MultiTaskTutorialDataset_257,O=C(Cc1cncc2ccccc12)N1CCCC[C@H]1[C@H]1CCCO1,ASAP-0032559,Test,4.67,4.61,MultiTaskTutorialDataset_257,4.61,True,4.093171
MultiTaskTutorialDataset_258,O=C(Cc1cncc2ccccc12)N1CCCC[C@H]1[C@H]1CCCO1,ASAP-0032560,Test,4.33,4.02,MultiTaskTutorialDataset_258,4.02,True,4.093171
MultiTaskTutorialDataset_259,O=C(Cc1cncc2ccccc12)N1CCCC[C@H]1[C@H]1CCCO1,ASAP-0032561,Test,4.54,4.2,MultiTaskTutorialDataset_259,4.2,True,4.093171
MultiTaskTutorialDataset_260,O=C(Cc1cncc2ccccc12)N1CCC[C@H]2CCCC[C@@H]21,ASAP-0032572,Test,4.84,5.18,MultiTaskTutorialDataset_260,5.18,True,4.8307805
MultiTaskTutorialDataset_261,COc1ccccc1[C@H]1C[C@H](C)CCN1C(=O)Cc1cncc2ccccc12,ASAP-0032604,Test,5.53,5.59,MultiTaskTutorialDataset_261,5.59,False,5.9830213
MultiTaskTutorialDataset_262,COc1ccccc1[C@H]1C[C@H](C)CCN1C(=O)Cc1cncc2ccccc12,ASAP-0032605,Test,5.47,5.77,MultiTaskTutorialDataset_262,5.77,False,5.9830213
